Player,Age,Date,Pos,Tm,,Opp,Result,G#,Week,Day,FantPt,Cmp,Att,Yds,TD,Int,Att,Yds,TD,Rec,Yds,TD,Fmb,PaBonus,RuBonus,ReBonus,DKPts,OppWeek,HI,HI5,PosDVOA,Spread,Total,FPPG,DKPPG,Last 1,Last 2,Last 3,Last 4,Last 5,Last 6
Andrew Luck,25,2014,QB,IND,,TEN,,16,17,Sun,,,,,,,,,,,,,,,,,,TEN 17,1,4.8,0.186,-7,46,23.52266667,,2.36,9.32,15.03333333,20.725,19.584,20.25666667
Aaron Rodgers,30,2014,QB,GB,,DET,,16,17,Sun,,,,,,,,,,,,,,,,,,DET 17,-2.9,0.6,-0.062,-7.5,47.5,21.78,,18.72,12.91,18.56666667,20.655,20.476,22.03666667
Russell Wilson,25,2014,QB,SEA,,STL,,16,17,Sun,,,,,,,,,,,,,,,,,,STL 17,-0.4,-3.4,0.1,-12.5,41,21.156,,39.36,25.89,27.03333333,24.01,23.156,23
Peyton Manning,38,2014,QB,DEN,,OAK,,16,17,Sun,,,,,,,,,,,,,,,,,,OAK 17,1.7,3.4,0.214,-14,48,20.884,,19.44,15.73,12.06,12.435,15.164,16.04666667
Drew Brees,35,2014,QB,NO,,TB,,16,17,Sun,,,,,,,,,,,,,,,,,,TB 17,0.6,-1.6,0.191,-4,47,20.456,,16.32,22.76,19.50666667,22.2,24.22,22.6
Ben Roethlisberger,32,2014,QB,PIT,,CIN,,16,17,Sun,,,,,,,,,,,,,,,,,,CIN 17,-2.7,-2.2,-0.059,-3.5,48,19.48,,12.4,14.8,19.5,21.425,19.436,19.15
Le'Veon Bell,22,2014,RB,PIT,,CIN,,16,17,Sun,,,,,,,,,,,,,,,,,,CIN 17,3.7,1.6,0.074754875,-3.5,48,23.63333333,,14.2,21.55,31.2,34,33.84,30.68333333
Matt Ryan,29,2014,QB,ATL,,CAR,,16,17,Sun,,,,,,,,,,,,,,,,,,CAR 17,0,-1.6,0.04,-4,47.5,19.084,,19.58,22.34,26.66,26.205,24.468,22.91
Tom Brady,37,2014,QB,NE,,BUF,,16,17,Sun,,,,,,,,,,,,,,,,,,BUF 17,-3.2,-3.6,-0.157,-4.5,44,18.864,,11.28,15.78,18.31333333,18.16,19.32,18.78
DeMarco Murray,26,2014,RB,DAL,,WAS,,16,17,Sun,,,,,,,,,,,,,,,,,,WAS 17,-3.3,-3.8,-0.159217799,-6,49.5,22.33333333,,11.8,16.6,24.66666667,24.325,23.32,23.11666667
Ryan Tannehill,26,2014,QB,MIA,,NYJ,,16,17,Sun,,,,,,,,,,,,,,,,,,NYJ 17,1.6,-2.4,0.174,-5.5,41.5,18.18266667,,33.94,26.44,21.85333333,18.815,20.576,20.28
Philip Rivers,32,2014,QB,SD,,KC,,16,17,Sun,,,,,,,,,,,,,,,,,,KC 17,-1.6,-0.8,0.057,2.5,42.5,18.05333333,,29.24,20.41,17.39333333,20.85,19.588,18.26
Marshawn Lynch,28,2014,RB,SEA,,STL,,16,17,Sun,,,,,,,,,,,,,,,,,,STL 17,-2.4,-1.1,-0.189426667,-12.5,41,19.04666667,,26.3,21.55,21.46666667,19.875,18.14,17.86666667
Eli Manning,33,2014,QB,NYG,,PHI,,16,17,Sun,,,,,,,,,,,,,,,,,,PHI 17,2.3,-1.6,0.075,-2.5,52,17.62266667,,30.34,26.17,21.91333333,19.405,21.028,19.05666667
Tony Romo,34,2014,QB,DAL,,WAS,,16,17,Sun,,,,,,,,,,,,,,,,,,WAS 17,5,5.6,0.299,-6,49.5,18.38142857,,27.52,24.51,23.00666667,18.72,20.136,20.42
Jay Cutler,31,2014,QB,CHI,,MIN,,16,17,Sun,,,,,,,,,,,,,,,,,,MIN 17,-0.9,1.3,0.1,6.5,44,18.2,,0,6.88,14.76666667,15.35,13.92,16.31666667
Joe Flacco,29,2014,QB,BAL,,CLE,,16,17,Sun,,,,,,,,,,,,,,,,,,CLE 17,-2.4,-3.8,-0.127,-10,40.5,16.724,,12.3,12.97,17.1,18.65,17.704,16.34666667
Matt Forte,28,2014,RB,CHI,,MIN,,16,17,Sun,,,,,,,,,,,,,,,,,,MIN 17,2.9,0.4,0.06451312,6.5,44,21.94666667,,21.5,16.7,18.8,17.05,19.28,20.48333333
Antonio Brown,26,2014,WR,PIT,,CIN,,16,17,Sun,,,,,,,,,,,,,,,,,,CIN 17,-5.7,-3.9,-0.059,-3.5,48,23.67333333,,20.2,22.75,23.06666667,24.725,24.6,22.73333333
Matthew Stafford,26,2014,QB,DET,,GB,,16,17,Sun,,,,,,,,,,,,,,,,,,GB 17,-1.1,-0.4,-0.003,7.5,47.5,15.8,,7.92,9.12,14.82666667,17.52,16.288,14.46
Cam Newton,25,2014,QB,CAR,,ATL,,16,17,Sun,,,,,,,,,,,,,,,,,,ATL 17,0.1,-0.8,0.244,4,47.5,18.48615385,,22.34,11.17,18.89333333,18.085,18.604,18.64333333
Colin Kaepernick,26,2014,QB,SF,,ARI,,16,17,Sun,,,,,,,,,,,,,,,,,,ARI 17,-0.2,1,0.002,-6,36.5,16.01333333,,31.66,20.95,17.82,14.5,14.328,14.12666667
Arian Foster,28,2014,RB,HOU,,JAC,,16,17,Sun,,,,,,,,,,,,,,,,,,JAC 17,2.6,4,-0.070869863,-9.5,40.5,22.1,,17.1,15.9,19.2,19.775,15.82,13.18333333
Alex Smith,30,2014,QB,KC,,SD,,16,17,Sun,,,,,,,,,,,,,,,,,,SD 17,1.4,3,0.185,-2.5,42.5,14.93333333,,16.84,19.21,18.58,17.365,17.264,14.92333333
Jordy Nelson,29,2014,WR,GB,,DET,,16,17,Sun,,,,,,,,,,,,,,,,,,DET 17,-2.8,2,-0.062,-7.5,47.5,20.88666667,,29.3,19.9,25.8,22.675,21.1,21.56666667
Eddie Lacy,23,2014,RB,GB,,DET,,16,17,Sun,,,,,,,,,,,,,,,,,,DET 17,-2.8,-0.9,-0.250949807,-7.5,47.5,17.26666667,,17.4,18.1,21.26666667,19.325,21.62,22.41666667
Demaryius Thomas,26,2014,WR,DEN,,OAK,,16,17,Sun,,,,,,,,,,,,,,,,,,OAK 17,-0.9,0.9,0.214,-14,48,21.29333333,,21.5,24.4,17.3,17.55,21.38,21.2
Andy Dalton,27,2014,QB,CIN,,PIT,,16,17,Sun,,,,,,,,,,,,,,,,,,PIT 17,3,4.8,0.268,3.5,48,15.004,,15.34,9.66,16.53333333,16.085,15.252,16.37666667
Dez Bryant,25,2014,WR,DAL,,WAS,,16,17,Sun,,,,,,,,,,,,,,,,,,WAS 17,3.8,8,0.299,-6,49.5,19.34,,18.3,28.35,23.63333333,20.55,21.96,24.43333333
Jamaal Charles,27,2014,RB,KC,,SD,,16,17,Sun,,,,,,,,,,,,,,,,,,SD 17,-1.1,-3.4,-0.040861472,-2.5,42.5,17.37142857,,11.7,9,14.36666667,14.75,16.04,19
Emmanuel Sanders,27,2014,WR,DEN,,OAK,,16,17,Sun,,,,,,,,,,,,,,,,,,OAK 17,-0.9,0.9,0.214,-14,48,19.03333333,,25,16.65,14.73333333,14.375,16.46,17.75
Justin Forsett,29,2014,RB,BAL,,CLE,,16,17,Sun,,,,,,,,,,,,,,,,,,CLE 17,2,3.6,-0.007992308,-10,40.5,15.22,,7.2,6.45,9.566666667,11.5,16.4,18.03333333
Julio Jones,25,2014,WR,ATL,,CAR,,16,17,Sun,,,,,,,,,,,,,,,,,,CAR 17,-0.8,-5.8,0.04,-4,47.5,20.54285714,,20.7,10.35,22.2,26.125,24.46,22.36666667
Jeremy Maclin,26,2014,WR,PHI,,NYG,,16,17,Sun,,,,,,,,,,,,,,,,,,NYG 17,-1,2,0.074,2.5,52,17.92666667,,10.2,12,11.7,14.225,13.76,15.51666667
Derek Carr,23,2014,QB,OAK,,DEN,,16,17,Sun,,,,,,,,,,,,,,,,,,DEN 17,1.6,0.8,-0.07,14,48,12.93866667,,15.56,13.72,16.6,13.705,13.196,11.81
Rob Gronkowski,25,2014,TE,NE,,BUF,,16,17,Sun,,,,,,,,,,,,,,,,,,BUF 17,-3.3,-3.2,-0.209,-4.5,44,17.76,,15.1,16.85,18.8,18.3,17.2,17.18333333
Randall Cobb,24,2014,WR,GB,,DET,,16,17,Sun,,,,,,,,,,,,,,,,,,DET 17,-2.8,2,-0.062,-7.5,47.5,17.92,,26.1,22.1,17.96666667,17.55,16,17.65
Ryan Fitzpatrick,31,2014,QB,HOU,,JAC,,16,17,Sun,,,,,,,,,,,,,,,,,,JAC 17,-0.6,-2.9,0.083,-9.5,40.5,15.39333333,,0,1.4,5.233333333,14.505,11.604,9.67
Odell Beckham,22,2014,WR,NYG,,PHI,,16,17,Sun,,,,,,,,,,,,,,,,,,PHI 17,4.2,0.6,0.075,-2.5,52,23.59090909,,37.8,42.05,39.33333333,33.6,34.76,31.51666667
T.Y. Hilton,24,2014,WR,IND,,TEN,,16,17,Sun,,,,,,,,,,,,,,,,,,TEN 17,1.2,3.4,0.186,-7,46,18.39285714,,0,4.5,16,16.3,18.18,16.05
Alshon Jeffery,24,2014,WR,CHI,,MIN,,16,17,Sun,,,,,,,,,,,,,,,,,,MIN 17,-1.3,-1.6,0.1,6.5,44,17.01333333,,19.2,18.5,19.5,21.65,19.56,21.88333333
Jeremy Hill,21,2014,RB,CIN,,PIT,,16,17,Sun,,,,,,,,,,,,,,,,,,PIT 17,-2.2,-5.9,-0.045357143,3.5,48,13.12666667,,22.7,25.95,20.53333333,17.7,17.48,17.81666667
Teddy Bridgewater,21,2014,QB,MIN,,CHI,,16,17,Sun,,,,,,,,,,,,,,,,,,CHI 17,2.5,1.6,0.238,-6.5,44,14.29166667,,18.66,19.13,20.44,18.76,18.728,17.19333333
Kyle Orton,32,2014,QB,BUF,,NE,,16,17,Sun,,,,,,,,,,,,,,,,,,NE 17,-0.5,-1.5,0.009,4.5,44,16.12545455,,26.16,15.54,18.79333333,16.495,16.836,15.35
Mike Evans,21,2014,WR,TB,,NO,,16,17,Sun,,,,,,,,,,,,,,,,,,NO 17,0.9,-0.6,0.198,4,47,16.33571429,,8.9,9.1,12.9,11.9,12.26,17.36666667
Alfred Morris,26,2014,RB,WAS,,DAL,,16,17,Sun,,,,,,,,,,,,,,,,,,DAL 17,0.6,2.2,-0.041854478,6,49.5,11.84666667,,14.3,9.6,7.3,8.3,11.24,11.9
Blake Bortles,22,2014,QB,JAC,,HOU,,16,17,Sun,,,,,,,,,,,,,,,,,,HOU 17,-1,-2.7,-0.043,9.5,40.5,12.95692308,,12.6,10.1,10.8,12.74,11.44,11.18333333
Lamar Miller,23,2014,RB,MIA,,NYJ,,16,17,Sun,,,,,,,,,,,,,,,,,,NYJ 17,-3.2,-0.4,-0.164331915,-5.5,41.5,13.50666667,,26,16.35,15.53333333,15.325,13.8,13.46666667
LeSean McCoy,26,2014,RB,PHI,,NYG,,16,17,Sun,,,,,,,,,,,,,,,,,,NYG 17,1.1,-3.4,-0.009662539,2.5,52,12.6,,20.6,14.05,10.7,14,15.82,15.11666667
Brian Hoyer,29,2014,QB,CLE,,BAL,,16,17,Sun,,,,,,,,,,,,,,,,,,BAL 17,0.4,-0.2,0.055,10,40.5,11.99571429,,10.26,5.13,4.666666667,4.92,6.552,8.51
Joique Bell,28,2014,RB,DET,,GB,,16,17,Sun,,,,,,,,,,,,,,,,,,GB 17,-0.1,-0.6,-0.042680328,7.5,47.5,13.58571429,,15.7,15,20.1,21.25,18.12,17.35
Golden Tate,26,2014,WR,DET,,GB,,16,17,Sun,,,,,,,,,,,,,,,,,,GB 17,2,-1.7,-0.003,7.5,47.5,16.70666667,,11.2,14.25,12.5,13.6,13.88,12.71666667
DeAndre Hopkins,22,2014,WR,HOU,,JAC,,16,17,Sun,,,,,,,,,,,,,,,,,,JAC 17,-1.4,-6.5,0.083,-9.5,40.5,15.23333333,,7.8,10.25,9.8,19.3,17.22,16.35
Kelvin Benjamin,23,2014,WR,CAR,,ATL,,16,17,Sun,,,,,,,,,,,,,,,,,,ATL 17,2.1,3.2,0.244,4,47.5,14.99333333,,9.7,15.55,13.83333333,13.025,16.2,17.16666667
Mark Ingram,24,2014,RB,NO,,TB,,16,17,Sun,,,,,,,,,,,,,,,,,,TB 17,1.1,-2.8,-0.145,-4,47,14.81666667,,14.5,13.2,11,12.525,11.06,12
C.J. Anderson,23,2014,RB,DEN,,OAK,,16,17,Sun,,,,,,,,,,,,,,,,,,OAK 17,4.8,5.7,-0.071,-14,48,12.9,,27.8,19.7,21.06666667,23.175,25.04,24.11666667
Antonio Gates,34,2014,TE,SD,,KC,,16,17,Sun,,,,,,,,,,,,,,,,,,KC 17,-1.4,-1.1,0.072,2.5,42.5,14.09333333,,28.2,22.8,17.66666667,17.075,14.34,12.98333333
Mike Wallace,28,2014,WR,MIA,,NYJ,,16,17,Sun,,,,,,,,,,,,,,,,,,NYJ 17,0.5,-2,0.174,-5.5,41.5,14.18666667,,22.8,23.6,18.03333333,16.75,16.1,14.71666667
Calvin Johnson,29,2014,WR,DET,,GB,,16,17,Sun,,,,,,,,,,,,,,,,,,GB 17,2,-1.7,-0.003,7.5,47.5,17.23333333,,19.3,14.3,20.46666667,25.5,22.36,20.45
Jimmy Graham,28,2014,TE,NO,,TB,,16,17,Sun,,,,,,,,,,,,,,,,,,TB 17,-0.3,-0.4,0.079,-4,47,14.7,,16.3,15,11.83333333,8.875,11.64,10.68333333
DeSean Jackson,27,2014,WR,WAS,,DAL,,16,17,Sun,,,,,,,,,,,,,,,,,,DAL 17,-2.9,-3.4,0.109,6,49.5,13.78571429,,19.6,12.5,8.333333333,11.1,10.06,9.666666667
Matt Asiata,27,2014,RB,MIN,,CHI,,16,17,Sun,,,,,,,,,,,,,,,,,,CHI 17,2.1,6.4,-0.038160428,-6.5,44,12.74285714,,22.7,22.15,17.9,15.85,12.68,11.3
Greg Olsen,29,2014,TE,CAR,,ATL,,16,17,Sun,,,,,,,,,,,,,,,,,,ATL 17,-1.4,-1.7,-0.113,4,47.5,14.34,,3.1,13.55,16.43333333,15.05,14.26,15.36666667
Frank Gore,31,2014,RB,SF,,ARI,,16,17,Sun,,,,,,,,,,,,,,,,,,ARI 17,-4.4,-1.9,-0.209937238,-6,36.5,9.586666667,,24.8,16.85,13.33333333,11.15,9.44,9.933333333
Julian Edelman,28,2014,WR,NE,,BUF,,16,17,Sun,,,,,,,,,,,,,,,,,,BUF 17,-0.7,-2.6,-0.157,-4.5,44,15.68571429,,0,10.7,17.63333333,16.175,16.92,16.28333333
Giovani Bernard,23,2014,RB,CIN,,PIT,,16,17,Sun,,,,,,,,,,,,,,,,,,PIT 17,-2.2,-5.9,-0.033477612,3.5,48,14.04166667,,19.1,16.2,13,11.325,10.8,9
Andre Ellington,25,2014,RB,ARI,,SF,,16,17,Sun,,,,,,,,,,,,,,,,,,SF 17,-3.2,0.8,-0.150659919,6,36.5,14.95833333,,0,0,0,0.3,2.5,3.85
Steve Smith,35,2014,WR,BAL,,CLE,,16,17,Sun,,,,,,,,,,,,,,,,,,CLE 17,-2.3,-4.9,-0.127,-10,40.5,13.56666667,,9.9,9.3,12.86666667,9.95,11.74,10.56666667
Geno Smith,23,2014,QB,NYJ,,MIA,,16,17,Sun,,,,,,,,,,,,,,,,,,MIA 17,-1.8,3.2,-0.001,5.5,41.5,10.36,,12.3,12.53,13.84,11.005,9.596,7.996666667
A.J. Green,26,2014,WR,CIN,,PIT,,16,17,Sun,,,,,,,,,,,,,,,,,,PIT 17,3.6,7.8,0.268,3.5,48,15.925,,0,4.95,17.43333333,17,19.02,20.46666667
Torrey Smith,25,2014,WR,BAL,,CLE,,16,17,Sun,,,,,,,,,,,,,,,,,,CLE 17,-2.3,-4.9,-0.127,-10,40.5,11.56,,22.9,13.25,8.833333333,12.75,13.16,14.05
Brandon LaFell,27,2014,WR,NE,,BUF,,16,17,Sun,,,,,,,,,,,,,,,,,,BUF 17,-0.7,-2.6,-0.157,-4.5,44,13.28666667,,13.4,13,11.03333333,13.475,14.54,13.65
Sammy Watkins,21,2014,WR,BUF,,NE,,16,17,Sun,,,,,,,,,,,,,,,,,,NE 17,-2.2,-1,0.009,4.5,44,12.65333333,,16.5,10.15,14,11.525,10.52,9.85
Martellus Bennett,27,2014,TE,CHI,,MIN,,16,17,Sun,,,,,,,,,,,,,,,,,,MIN 17,-1.2,1.8,-0.017,6.5,44,13.58,,0,3.8,11.33333333,13.975,12.72,11.75
Chris Ivory,26,2014,RB,NYJ,,MIA,,16,17,Sun,,,,,,,,,,,,,,,,,,MIA 17,1.3,5.6,-0.022272277,5.5,41.5,9.446666667,,5.3,7.45,7.533333333,7.2,7.12,6.783333333
Roddy White,33,2014,WR,ATL,,CAR,,16,17,Sun,,,,,,,,,,,,,,,,,,CAR 17,-0.8,-5.8,0.04,-4,47.5,14.9,,11.5,14.65,14.16666667,10.625,12.22,13.76666667
Anquan Boldin,34,2014,WR,SF,,ARI,,16,17,Sun,,,,,,,,,,,,,,,,,,ARI 17,-0.2,-2,0.002,-6,36.5,13.56666667,,13.1,8.7,9.066666667,8,12.74,12.33333333
Mohamed Sanu,25,2014,WR,CIN,,PIT,,16,17,Sun,,,,,,,,,,,,,,,,,,PIT 17,3.6,7.8,0.268,3.5,48,11.644,,2.6,2,2.533333333,3.235,5.768,5.69
Steven Jackson,31,2014,RB,ATL,,CAR,,16,17,Sun,,,,,,,,,,,,,,,,,,CAR 17,-0.2,-3.3,-0.055666667,-4,47.5,9.433333333,,3.3,5,8.533333333,9.675,10.36,9.75
Julius Thomas,26,2014,TE,DEN,,OAK,,16,17,Sun,,,,,,,,,,,,,,,,,,OAK 17,0.3,1.4,-0.124,-14,48,13.575,,5.3,4.65,3.1,2.325,1.86,1.933333333
Josh McCown,35,2014,QB,TB,,NO,,16,17,Sun,,,,,,,,,,,,,,,,,,NO 17,2.5,2,0.198,4,47,13.074,,3.88,9.07,11.31333333,10.135,11.676,12.95
Mark Sanchez,28,2014,QB,PHI,,NYG,,16,17,Sun,,,,,,,,,,,,,,,,,,NYG 17,1.2,2.7,0.074,2.5,52,16.0675,,26.16,17.12,15.26,16.565,16.788,17.29666667
Nick Foles,25,2014,QB,PHI,,NYG,,16,17,Sun,,,,,,,,,,,,,,,,,,NYG 17,1.2,2.7,0.074,2.5,52,16.415,,0,0,0,0,0,0
Malcom Floyd,33,2014,WR,SD,,KC,,16,17,Sun,,,,,,,,,,,,,,,,,,KC 17,-1.7,0,0.057,2.5,42.5,11.18,,15,10.7,11.93333333,11.825,10.86,11.45
Jordan Matthews,22,2014,WR,PHI,,NYG,,16,17,Sun,,,,,,,,,,,,,,,,,,NYG 17,-1,2,0.074,2.5,52,11.84666667,,8.8,4.4,4.366666667,7.05,8.38,11.1
Brandon Marshall,30,2014,WR,CHI,,MIN,,16,17,Sun,,,,,,,,,,,,,,,,,,MIN 17,-1.3,-1.6,0.1,6.5,44,13.85384615,,0,0,3.033333333,4.825,5.1,8.916666667
Ahmad Bradshaw,28,2014,RB,IND,,TEN,,16,17,Sun,,,,,,,,,,,,,,,,,,TEN 17,3.8,6.2,0.02446875,-7,46,15.55,,0,0,0,0,0,0.683333333
Fred Jackson,33,2014,RB,BUF,,NE,,16,17,Sun,,,,,,,,,,,,,,,,,,NE 17,-0.5,-6.8,-0.106021277,4.5,44,13.41538462,,19.3,16.05,16.1,15,14.7,12.25
Andre Williams,22,2014,RB,NYG,,PHI,,16,17,Sun,,,,,,,,,,,,,,,,,,PHI 17,2.2,2.6,-0.152387097,-2.5,52,8.593333333,,14,10.15,15.66666667,13.175,12.88,11
Jonathan Stewart,27,2014,RB,CAR,,ATL,,16,17,Sun,,,,,,,,,,,,,,,,,,ATL 17,5.6,5.2,0.041967568,4,47.5,11.425,,23.9,15.5,18.5,17.125,15.08,15.21666667
Tre Mason,21,2014,RB,STL,,SEA,,16,17,Sun,,,,,,,,,,,,,,,,,,SEA 17,-3.3,-6.3,-0.21038674,12.5,41,11.50909091,,15.3,8.8,8.066666667,16.15,14.88,14.96666667
Shane Vereen,25,2014,RB,NE,,BUF,,16,17,Sun,,,,,,,,,,,,,,,,,,BUF 17,-2.6,-0.5,-0.142391608,-4.5,44,10.75333333,,6,7.35,6.933333333,6.25,7.8,8.45
Isaiah Crowell,21,2014,RB,CLE,,BAL,,16,17,Sun,,,,,,,,,,,,,,,,,,BAL 17,-5.6,-3.7,-0.204210526,10,40.5,8.013333333,,5.5,5.1,7.2,6.75,9.56,9.65
Eddie Royal,28,2014,WR,SD,,KC,,16,17,Sun,,,,,,,,,,,,,,,,,,KC 17,-1.7,0,0.057,2.5,42.5,11.24666667,,25.4,15.55,12.03333333,14.55,13.84,12.56666667
Vincent Jackson,31,2014,WR,TB,,NO,,16,17,Sun,,,,,,,,,,,,,,,,,,NO 17,0.9,-0.6,0.198,4,47,11.94,,9,11,16.96666667,13.825,14.8,13.55
Delanie Walker,30,2014,TE,TEN,,IND,,16,17,Sun,,,,,,,,,,,,,,,,,,IND 17,2.9,2.8,0.184,7,46,11.69285714,,9.4,11.35,9.8,7.75,10.9,9.083333333
Coby Fleener,26,2014,TE,IND,,TEN,,16,17,Sun,,,,,,,,,,,,,,,,,,TEN 17,0.9,1.7,0.042,-7,46,10.25333333,,7.6,6.4,7.8,13.775,11.98,14.05
Austin Davis,25,2014,QB,STL,,SEA,,16,17,Sun,,,,,,,,,,,,,,,,,,SEA 17,-4.7,-4.8,-0.055,12.5,41,11.764,,0,0,0,0,0,0
Marques Colston,31,2014,WR,NO,,TB,,16,17,Sun,,,,,,,,,,,,,,,,,,TB 17,2.4,2.5,0.191,-4,47,11.00666667,,14,15.75,14.56666667,13.575,14.5,13.68333333
Greg Jennings,31,2014,WR,MIN,,CHI,,16,17,Sun,,,,,,,,,,,,,,,,,,CHI 17,0.6,2,0.238,-6.5,44,10.71333333,,14.6,13.95,12.7,13.15,13.28,11.3
Carson Palmer,34,2014,QB,ARI,,SF,,16,17,Sun,,,,,,,,,,,,,,,,,,SF 17,-1.6,-1.6,-0.089,6,36.5,17.59,,0,0,0,0,0,0
Terrance Williams,25,2014,WR,DAL,,WAS,,16,17,Sun,,,,,,,,,,,,,,,,,,WAS 17,3.8,8,0.299,-6,49.5,9.153333333,,19.2,11.55,7.7,7.225,6.34,5.283333333
Rashad Jennings,29,2014,RB,NYG,,PHI,,16,17,Sun,,,,,,,,,,,,,,,,,,PHI 17,2.2,2.6,-0.122505435,-2.5,52,13.11,,0,0.15,1.166666667,6.975,9.58,9.766666667
Kendall Wright,24,2014,WR,TEN,,IND,,16,17,Sun,,,,,,,,,,,,,,,,,,IND 17,-2.7,-0.2,0.048,7,46,12.23076923,,11.3,5.65,3.766666667,10.125,8.86,9.216666667
Darren Sproles,31,2014,RB,PHI,,NYG,,16,17,Sun,,,,,,,,,,,,,,,,,,NYG 17,1.1,-3.4,-0.004634409,2.5,52,9.842857143,,12.7,10.5,6.666666667,6.55,7.82,7.583333333
Kenny Stills,22,2014,WR,NO,,TB,,16,17,Sun,,,,,,,,,,,,,,,,,,TB 17,2.4,2.5,0.191,-4,47,11.40714286,,12.8,12.25,9.933333333,15,15.52,15.13333333
Allen Hurns,22,2014,WR,JAC,,HOU,,16,17,Sun,,,,,,,,,,,,,,,,,,HOU 17,4.1,3.3,-0.043,9.5,40.5,10.08,,5.6,9.3,11.06666667,10.35,8.74,7.6
Travis Kelce,25,2014,TE,KC,,SD,,16,17,Sun,,,,,,,,,,,,,,,,,,SD 17,-2,-1.8,-0.038,-2.5,42.5,10.92,,7.1,11.5,14.33333333,12.4,12.06,11
James Jones,30,2014,WR,OAK,,DEN,,16,17,Sun,,,,,,,,,,,,,,,,,,DEN 17,0,-3.3,-0.07,14,48,11.26,,7.3,13.5,10.03333333,9.85,11.02,10.1
Keenan Allen,22,2014,WR,SD,,KC,,16,17,Sun,,,,,,,,,,,,,,,,,,KC 17,-1.7,0,0.057,2.5,42.5,12.66428571,,0,2.4,2.366666667,11.3,13.72,13.81666667
Eric Decker,27,2014,WR,NYJ,,MIA,,16,17,Sun,,,,,,,,,,,,,,,,,,MIA 17,0.6,5,-0.001,5.5,41.5,11.57857143,,4.1,12.05,13,10.7,10.62,9.75
Knile Davis,23,2014,RB,KC,,SD,,16,17,Sun,,,,,,,,,,,,,,,,,,SD 17,-1.1,-3.4,-0.053312057,-2.5,42.5,7.513333333,,2.1,11.6,8.966666667,6.725,5.42,5.983333333
Doug Baldwin,26,2014,WR,SEA,,STL,,16,17,Sun,,,,,,,,,,,,,,,,,,STL 17,3,0.5,0.1,-12.5,41,10.61333333,,21.3,14.8,16.76666667,13.775,11.54,12.36666667
Martavis Bryant,22,2014,WR,PIT,,CIN,,16,17,Sun,,,,,,,,,,,,,,,,,,CIN 17,-5.7,-3.9,-0.059,-3.5,48,13.44444444,,6.3,6.2,12.1,9.9,8.54,11.66666667
Rueben Randle,23,2014,WR,NYG,,PHI,,16,17,Sun,,,,,,,,,,,,,,,,,,PHI 17,4.2,0.6,0.075,-2.5,52,10.73333333,,28.2,16.6,11.7,10.825,9.98,11.85
Branden Oliver,23,2014,RB,SD,,KC,,16,17,Sun,,,,,,,,,,,,,,,,,,KC 17,-1.2,-1.3,0.000466667,2.5,42.5,9.984615385,,11.1,11.05,7.4,5.725,6.18,5.966666667
Jason Witten,32,2014,TE,DAL,,WAS,,16,17,Sun,,,,,,,,,,,,,,,,,,WAS 17,3,5.4,0.251,-6,49.5,10.36,,22,17.95,13.5,10.575,11.06,11.6
Drew Stanton,30,2014,QB,ARI,,SF,,16,17,Sun,,,,,,,,,,,,,,,,,,SF 17,-1.6,-1.6,-0.089,6,36.5,10.74888889,,0,2.33,6.306666667,8.345,8.128,10.24666667
John Brown,24,2014,WR,ARI,,SF,,16,17,Sun,,,,,,,,,,,,,,,,,,SF 17,-1,-2.3,-0.089,6,36.5,9.193333333,,8.4,6.3,4.2,4.65,5.54,6.6
Andrew Hawkins,28,2014,WR,CLE,,BAL,,16,17,Sun,,,,,,,,,,,,,,,,,,BAL 17,3.1,4.5,0.055,10,40.5,10.82857143,,4.5,3.6,5,4.85,6.74,9.233333333
Andre Holmes,26,2014,WR,OAK,,DEN,,16,17,Sun,,,,,,,,,,,,,,,,,,DEN 17,0,-3.3,-0.07,14,48,9.153333333,,10.3,11.15,9.366666667,8.475,8.88,8.05
Jarvis Landry,21,2014,WR,MIA,,NYJ,,16,17,Sun,,,,,,,,,,,,,,,,,,NYJ 17,0.5,-2,0.174,-5.5,41.5,11.46,,9.1,13,12.16666667,12.825,15.06,14.98333333
Michael Floyd,25,2014,WR,ARI,,SF,,16,17,Sun,,,,,,,,,,,,,,,,,,SF 17,-1,-2.3,-0.089,6,36.5,8.6,,6.1,6.8,8.7,8.85,7.08,9.133333333
Denard Robinson,23,2014,RB,JAC,,HOU,,16,17,Sun,,,,,,,,,,,,,,,,,,HOU 17,-1.1,-4.3,-0.094911392,9.5,40.5,8.892307692,,0,0,1,2.85,4.32,6.933333333
Kenny Britt,26,2014,WR,STL,,SEA,,16,17,Sun,,,,,,,,,,,,,,,,,,SEA 17,-7.7,-6.6,-0.055,12.5,41,8.96,,22.3,16.9,13.66666667,10.825,9.8,12.46666667
Michael Crabtree,27,2014,WR,SF,,ARI,,16,17,Sun,,,,,,,,,,,,,,,,,,ARI 17,-0.2,-2,0.002,-6,36.5,10.27333333,,1.5,3.2,7,6.25,7.16,8.883333333
Heath Miller,31,2014,TE,PIT,,CIN,,16,17,Sun,,,,,,,,,,,,,,,,,,CIN 17,-0.3,-0.2,-0.191,-3.5,48,10.13333333,,13.8,12.3,10.56666667,11.975,12,10.98333333
Robert Woods,22,2014,WR,BUF,,NE,,16,17,Sun,,,,,,,,,,,,,,,,,,NE 17,-2.2,-1,0.009,4.5,44,10,,18.2,11.2,9.666666667,10.025,13.98,12.23333333
Chris Johnson,28,2014,RB,NYJ,,MIA,,16,17,Sun,,,,,,,,,,,,,,,,,,MIA 17,1.3,5.6,-0.013041667,5.5,41.5,7.58,,4.3,4.9,6.133333333,7.975,8.22,7.6
Mike Glennon,24,2014,QB,TB,,NO,,16,17,Sun,,,,,,,,,,,,,,,,,,NO 17,2.5,2,0.198,4,47,15.59666667,,0,0,0,0,0,0
Trent Richardson,23,2014,RB,IND,,TEN,,16,17,Sun,,,,,,,,,,,,,,,,,,TEN 17,3.8,6.2,0.03750838,-7,46,8.2,,2.9,4.5,4,3.3,4.68,4.416666667
Kirk Cousins,26,2014,QB,WAS,,DAL,,16,17,Sun,,,,,,,,,,,,,,,,,,DAL 17,-0.3,0.6,0.109,6,49.5,16.56666667,,0,0,0,0,0,0
Pierre Garcon,28,2014,WR,WAS,,DAL,,16,17,Sun,,,,,,,,,,,,,,,,,,DAL 17,-2.9,-3.4,0.109,6,49.5,10.26,,10.1,8.85,12.06666667,10.025,9.3,8.016666667
Larry Donnell,26,2014,TE,NYG,,PHI,,16,17,Sun,,,,,,,,,,,,,,,,,,PHI 17,-2.2,-2.8,0.037,-2.5,52,10.18,,8.2,5.65,6.033333333,6.9,6.4,7.733333333
Dwayne Allen,24,2014,TE,IND,,TEN,,16,17,Sun,,,,,,,,,,,,,,,,,,TEN 17,0.9,1.7,0.042,-7,46,8.884615385,,0,4.8,3.7,2.775,2.22,1.85
Larry Fitzgerald,31,2014,WR,ARI,,SF,,16,17,Sun,,,,,,,,,,,,,,,,,,SF 17,-1,-2.3,-0.089,6,36.5,11.34615385,,7.3,8.65,8.233333333,6.175,4.94,5
Brandin Cooks,21,2014,WR,NO,,TB,,16,17,Sun,,,,,,,,,,,,,,,,,,TB 17,2.4,2.5,0.191,-4,47,13.83,,0,0,0,0,0,1.583333333
Andre Johnson,33,2014,WR,HOU,,JAC,,16,17,Sun,,,,,,,,,,,,,,,,,,JAC 17,-1.4,-6.5,0.083,-9.5,40.5,11.72857143,,12.5,6.25,6.066666667,8.875,8.42,9.316666667
Terrance West,23,2014,RB,CLE,,BAL,,16,17,Sun,,,,,,,,,,,,,,,,,,BAL 17,-5.6,-3.7,-0.204055556,10,40.5,7.238461538,,0,1.15,2.566666667,2.825,3.68,3.266666667
Shaun Hill,34,2014,QB,STL,,SEA,,16,17,Sun,,,,,,,,,,,,,,,,,,SEA 17,-4.7,-4.8,-0.055,12.5,41,10.695,,18.6,13.93,14.09333333,15.925,14.324,14.07
Darren McFadden,27,2014,RB,OAK,,DEN,,16,17,Sun,,,,,,,,,,,,,,,,,,DEN 17,-2.7,-1.6,-0.220021622,14,48,7.846666667,,6.4,3.85,2.733333333,3.675,4.02,3.7
LeGarrette Blount,27,2014,RB,NE,,BUF,,16,17,Sun,,,,,,,,,,,,,,,,,,BUF 17,-2.6,-0.5,-0.13136,-4.5,44,6.193333333,,0,5.2,6.7,6.475,9.14,7.616666667
Reggie Wayne,35,2014,WR,IND,,TEN,,16,17,Sun,,,,,,,,,,,,,,,,,,TEN 17,1.2,3.4,0.186,-7,46,10.12857143,,5.3,5.35,4.066666667,4.825,4.66,6.233333333
Zach Ertz,23,2014,TE,PHI,,NYG,,16,17,Sun,,,,,,,,,,,,,,,,,,NYG 17,1.7,-0.6,0.15,2.5,52,9.04,,29.5,17.85,15.86666667,11.9,10.92,10.68333333
Percy Harvin,26,2014,WR,NYJ,,MIA,,16,17,Sun,,,,,,,,,,,,,,,,,,MIA 17,0.6,5,-0.001,5.5,41.5,9.884615385,,8.5,4.75,12.06666667,10.125,8.34,8.383333333
Bishop Sankey,22,2014,RB,TEN,,IND,,16,17,Sun,,,,,,,,,,,,,,,,,,IND 17,1.4,-1.3,-0.014674699,7,46,6.493333333,,6.3,4.95,4.866666667,4.7,4.98,6.066666667
Charlie Whitehurst,32,2014,QB,TEN,,IND,,16,17,Sun,,,,,,,,,,,,,,,,,,IND 17,0.7,1,0.048,7,46,13.04333333,,16.68,13.35,8.9,6.675,5.34,4.45
Bobby Rainey,27,2014,RB,TB,,NO,,16,17,Sun,,,,,,,,,,,,,,,,,,NO 17,4.3,7.2,0.152503937,4,47,8.15,,0,0,0,1.8,2.66,2.283333333
Pierre Thomas,29,2014,RB,NO,,TB,,16,17,Sun,,,,,,,,,,,,,,,,,,TB 17,1.1,-2.8,-0.145,-4,47,11.18181818,,4.4,9.4,9.333333333,8.425,9.06,7.55
Jared Cook,27,2014,TE,STL,,SEA,,16,17,Sun,,,,,,,,,,,,,,,,,,SEA 17,0.6,0.2,0.066,12.5,41,8.446666667,,9.1,7.15,12.13333333,9.1,8.42,7.833333333
Roy Helu,26,2014,RB,WAS,,DAL,,16,17,Sun,,,,,,,,,,,,,,,,,,DAL 17,0.6,2.2,-0.065916667,6,49.5,8.846153846,,0,0,0,4.15,3.9,5.866666667
Nate Washington,31,2014,WR,TEN,,IND,,16,17,Sun,,,,,,,,,,,,,,,,,,IND 17,-2.7,-0.2,0.048,7,46,7.78,,3.8,11.5,10.53333333,12.175,11.8,12.33333333
Markus Wheaton,23,2014,WR,PIT,,CIN,,16,17,Sun,,,,,,,,,,,,,,,,,,CIN 17,-5.7,-3.9,-0.059,-3.5,48,8.44,,4.7,8.15,7.133333333,8.125,6.82,7.033333333
Jarius Wright,24,2014,WR,MIN,,CHI,,16,17,Sun,,,,,,,,,,,,,,,,,,CHI 17,0.6,2,0.238,-6.5,44,7.64,,15.5,12.2,17.33333333,14.625,11.7,9.75
Ronnie Hillman,23,2014,RB,DEN,,OAK,,16,17,Sun,,,,,,,,,,,,,,,,,,OAK 17,4.8,5.7,-0.065486486,-14,48,13.5,,0,0,0,0,0,0
Benny Cunningham,24,2014,RB,STL,,SEA,,16,17,Sun,,,,,,,,,,,,,,,,,,SEA 17,-3.3,-6.3,-0.12194,12.5,41,7.606666667,,2.8,4.25,6.1,4.65,4.7,5.216666667
Dwayne Bowe,30,2014,WR,KC,,SD,,16,17,Sun,,,,,,,,,,,,,,,,,,SD 17,1.7,3.1,0.185,-2.5,42.5,9.171428571,,11.7,10.8,8.833333333,7.575,7.5,6.883333333
Mychal Rivera,24,2014,TE,OAK,,DEN,,16,17,Sun,,,,,,,,,,,,,,,,,,DEN 17,1.2,1,-0.071,14,48,8.52,,1.5,6.2,13.1,11.1,9.24,8.866666667
Owen Daniels,31,2014,TE,BAL,,CLE,,16,17,Sun,,,,,,,,,,,,,,,,,,CLE 17,-1.3,-2.3,-0.075,-10,40.5,8.435714286,,1.7,8.95,7.533333333,6.9,6.06,5.716666667
Jonas Gray,24,2014,RB,NE,,BUF,,16,17,Sun,,,,,,,,,,,,,,,,,,BUF 17,-2.6,-0.5,-0.128466667,-4.5,44,9.1125,,6.5,7.2,5.1,3.925,3.14,10.46666667
Zach Mettenberger,23,2014,QB,TEN,,IND,,16,17,Sun,,,,,,,,,,,,,,,,,,IND 17,0.7,1,0.048,7,46,11.12571429,,0,0,0.633333333,3.265,7.132,8.863333333
Riley Cooper,27,2014,WR,PHI,,NYG,,16,17,Sun,,,,,,,,,,,,,,,,,,NYG 17,-1,2,0.074,2.5,52,8.266666667,,22.3,13,10.1,9.375,9.08,8.883333333
Robert Griffin,24,2014,QB,WAS,,DAL,,16,17,Sun,,,,,,,,,,,,,,,,,,DAL 17,-0.3,0.6,0.109,6,49.5,8.7525,,7.9,11.47,8.086666667,6.065,5.72,6.996666667
Miles Austin,30,2014,WR,CLE,,BAL,,16,17,Sun,,,,,,,,,,,,,,,,,,BAL 17,3.1,4.5,0.055,10,40.5,9.65,,0,0,0,3.9,5.6,5.683333333
Allen Robinson,21,2014,WR,JAC,,HOU,,16,17,Sun,,,,,,,,,,,,,,,,,,HOU 17,4.1,3.3,-0.043,9.5,40.5,11.48,,0,0,0,0,0,1.833333333
Alfred Blue,23,2014,RB,HOU,,JAC,,16,17,Sun,,,,,,,,,,,,,,,,,,JAC 17,2.6,4,-0.065913043,-9.5,40.5,5.166666667,,0.6,1.6,3.566666667,2.825,4.18,6.583333333
Charles Clay,25,2014,TE,MIA,,NYJ,,16,17,Sun,,,,,,,,,,,,,,,,,,NYJ 17,1.5,-1.4,0.369,-5.5,41.5,9.307692308,,20.4,16.15,12.8,9.6,7.68,7.75
Jermaine Gresham,26,2014,TE,CIN,,PIT,,16,17,Sun,,,,,,,,,,,,,,,,,,PIT 17,1.3,-2.5,0.14,3.5,48,8.857142857,,20.2,10.1,10.5,9.95,9.42,10.23333333
Ben Tate,26,2014,RB,MIN,,CHI,,16,17,Sun,,,,,,,,,,,,,,,,,,CHI 17,2.1,6.4,-0.042171875,-6.5,44,6.918181818,,0,0.4,0.766666667,0.95,0.76,0.633333333
Justin Hunter,23,2014,WR,TEN,,IND,,16,17,Sun,,,,,,,,,,,,,,,,,,IND 17,-2.7,-0.2,0.048,7,46,7.983333333,,0,0,0,0.7,3.84,4.333333333
Jerick McKinnon,22,2014,RB,MIN,,CHI,,16,17,Sun,,,,,,,,,,,,,,,,,,CHI 17,2.1,6.4,-0.038985714,-6.5,44,8.572727273,,0,0,0,0,1.86,3.183333333
Devin Hester,31,2014,WR,ATL,,CAR,,16,17,Sun,,,,,,,,,,,,,,,,,,CAR 17,-0.8,-5.8,0.04,-4,47.5,6.72,,4.5,12,8,6.6,7.08,6.95
Scott Chandler,29,2014,TE,BUF,,NE,,16,17,Sun,,,,,,,,,,,,,,,,,,NE 17,1.3,0.4,0.206,4.5,44,7.446666667,,13.7,8.95,11.33333333,9.3,9.8,8.166666667
Harry Douglas,30,2014,WR,ATL,,CAR,,16,17,Sun,,,,,,,,,,,,,,,,,,CAR 17,-0.8,-5.8,0.04,-4,47.5,10.07272727,,8.7,17.4,14.63333333,16.875,14.18,13.25
Antone Smith,29,2014,RB,ATL,,CAR,,16,17,Sun,,,,,,,,,,,,,,,,,,CAR 17,-0.2,-3.3,-0.113361111,-4,47.5,7.86,,0,0,0,0,0,0.216666667
Lorenzo Taliaferro,22,2014,RB,BAL,,CLE,,16,17,Sun,,,,,,,,,,,,,,,,,,CLE 17,2,3.6,0.019526316,-10,40.5,5.507692308,,0,0,2.166666667,1.625,1.3,1.25
Jermaine Kearse,24,2014,WR,SEA,,STL,,16,17,Sun,,,,,,,,,,,,,,,,,,STL 17,3,0.5,0.1,-12.5,41,6.658666667,,1.8,7.3,7.6,7.3,6.42,7.083333333
Jake Locker,26,2014,QB,TEN,,IND,,16,17,Sun,,,,,,,,,,,,,,,,,,IND 17,0.7,1,0.048,7,46,9.988571429,,0,1.49,2.673333333,3.165,2.532,2.11
Jerricho Cotchery,32,2014,WR,CAR,,ATL,,16,17,Sun,,,,,,,,,,,,,,,,,,ATL 17,2.1,3.2,0.244,4,47.5,7.607142857,,9.6,12.65,9.066666667,7.8,7.5,6.833333333
Colt McCoy,28,2014,QB,WAS,,DAL,,16,17,Sun,,,,,,,,,,,,,,,,,,DAL 17,-0.3,0.6,0.109,6,49.5,12.376,,0,1.98,3.34,9.475,7.58,6.316666667
Reggie Bush,29,2014,RB,DET,,GB,,16,17,Sun,,,,,,,,,,,,,,,,,,GB 17,-0.1,-0.6,-0.03637963,7.5,47.5,9.99,,21.8,12.25,10.63333333,7.975,6.38,5.316666667
Davante Adams,21,2014,WR,GB,,DET,,16,17,Sun,,,,,,,,,,,,,,,,,,DET 17,-2.8,2,-0.062,-7.5,47.5,6.706666667,,3.7,2.65,2.3,7,6,6.55
Taylor Gabriel,23,2014,WR,CLE,,BAL,,16,17,Sun,,,,,,,,,,,,,,,,,,BAL 17,3.1,4.5,0.055,10,40.5,6.366666667,,1.1,1.15,1.633333333,1.225,1.44,3.566666667
Donte Moncrief,21,2014,WR,IND,,TEN,,16,17,Sun,,,,,,,,,,,,,,,,,,TEN 17,1.2,3.4,0.186,-7,46,6.1,,2.5,1.25,2.933333333,10.2,9.8,8.166666667
Chris Hogan,25,2014,WR,BUF,,NE,,16,17,Sun,,,,,,,,,,,,,,,,,,NE 17,-2.2,-1,0.009,4.5,44,6.953333333,,7.3,4.45,9.1,9.025,7.72,8.833333333
Carlos Hyde,24,2014,RB,SF,,ARI,,16,17,Sun,,,,,,,,,,,,,,,,,,ARI 17,-4.4,-1.9,-0.216852632,-6,36.5,5.364285714,,0,2.75,2.566666667,4.1,4.6,4.5
Steve Johnson,28,2014,WR,SF,,ARI,,16,17,Sun,,,,,,,,,,,,,,,,,,ARI 17,-0.2,-2,0.002,-6,36.5,7.423076923,,0,0,0,1.45,1.16,1.266666667
Toby Gerhart,27,2014,RB,JAC,,HOU,,16,17,Sun,,,,,,,,,,,,,,,,,,HOU 17,-1.1,-4.3,-0.095418803,9.5,40.5,6.261538462,,13,10.65,8.933333333,6.875,7.1,5.95
Hakeem Nicks,26,2014,WR,IND,,TEN,,16,17,Sun,,,,,,,,,,,,,,,,,,TEN 17,1.2,3.4,0.186,-7,46,6.326666667,,16.2,14.3,9.533333333,7.15,6.24,6.783333333
Tim Wright,24,2014,TE,NE,,BUF,,16,17,Sun,,,,,,,,,,,,,,,,,,BUF 17,-3.3,-3.2,-0.209,-4.5,44,5.68,,2.2,1.1,0.733333333,1.1,5,5.366666667
Cordarrelle Patterson,23,2014,WR,MIN,,CHI,,16,17,Sun,,,,,,,,,,,,,,,,,,CHI 17,0.6,2,0.238,-6.5,44,6.273333333,,2.6,3.1,1.933333333,1.45,1.92,2.383333333
Charles Johnson,25,2014,WR,MIN,,CHI,,16,17,Sun,,,,,,,,,,,,,,,,,,CHI 17,0.6,2,0.238,-6.5,44,7.754545455,,6.8,9.5,13.76666667,11.85,12.32,12.71666667
Latavius Murray,23,2014,RB,OAK,,DEN,,16,17,Sun,,,,,,,,,,,,,,,,,,DEN 17,-2.7,-1.6,-0.225388235,14,48,5.071428571,,13.8,11.7,11.3,8.475,11.82,11.33333333
EJ Manuel,24,2014,QB,BUF,,NE,,16,17,Sun,,,,,,,,,,,,,,,,,,NE 17,-0.5,-1.5,0.009,4.5,44,12.144,,0,0,0,0,0,0
Ryan Mathews,27,2014,RB,SD,,KC,,16,17,Sun,,,,,,,,,,,,,,,,,,KC 17,-1.2,-1.3,-0.004843373,2.5,42.5,8.2375,,0,0,1.933333333,4.35,7.94,8.033333333
Cecil Shorts,26,2014,WR,JAC,,HOU,,16,17,Sun,,,,,,,,,,,,,,,,,,HOU 17,4.1,3.3,-0.043,9.5,40.5,8.696666667,,3.86,8.73,6.586666667,6.815,5.772,8.126666667
Tavon Austin,23,2014,WR,STL,,SEA,,16,17,Sun,,,,,,,,,,,,,,,,,,SEA 17,-7.7,-6.6,-0.055,12.5,41,5.8,,5,4.1,5.4,6.425,7.7,7.1
James Starks,28,2014,RB,GB,,DET,,16,17,Sun,,,,,,,,,,,,,,,,,,DET 17,-2.8,-0.9,-0.236653061,-7.5,47.5,4.913333333,,6.5,5.2,9.5,8.525,6.82,6.45
Doug Martin,25,2014,RB,TB,,NO,,16,17,Sun,,,,,,,,,,,,,,,,,,NO 17,4.3,7.2,0.09615625,4,47,7,,1.7,6.3,5.266666667,7.225,6.6,5.5
Cole Beasley,25,2014,WR,DAL,,WAS,,16,17,Sun,,,,,,,,,,,,,,,,,,WAS 17,3.8,8,0.299,-6,49.5,5.953333333,,10.9,9.55,12.76666667,11.35,12,10.18333333
Devonta Freeman,22,2014,RB,ATL,,CAR,,16,17,Sun,,,,,,,,,,,,,,,,,,CAR 17,-0.2,-3.3,-0.10483908,-4,47.5,5.646666667,,17.4,10.7,8.066666667,7.05,5.78,5.283333333
Brian Quick,25,2014,WR,STL,,SEA,,16,17,Sun,,,,,,,,,,,,,,,,,,SEA 17,-7.7,-6.6,-0.055,12.5,41,11.5,,0,0,0,0,0,0
Andre Roberts,26,2014,WR,WAS,,DAL,,16,17,Sun,,,,,,,,,,,,,,,,,,DAL 17,-2.9,-3.4,0.109,6,49.5,5.98,,1.4,5.75,4.866666667,5.3,4.58,4.333333333
Lance Kendricks,26,2014,TE,STL,,SEA,,16,17,Sun,,,,,,,,,,,,,,,,,,SEA 17,0.6,0.2,0.066,12.5,41,5.346666667,,11.5,6.75,5.2,3.9,3.64,3.45
Wes Welker,33,2014,WR,DEN,,OAK,,16,17,Sun,,,,,,,,,,,,,,,,,,OAK 17,-0.9,0.9,0.214,-14,48,7.784615385,,7,5.3,8.266666667,6.75,7.76,7.6
Jeremy Kerley,25,2014,WR,NYJ,,MIA,,16,17,Sun,,,,,,,,,,,,,,,,,,MIA 17,0.6,5,-0.001,5.5,41.5,5.806666667,,8.4,4.2,3.7,4.025,5.54,4.616666667
Robert Turbin,24,2014,RB,SEA,,STL,,16,17,Sun,,,,,,,,,,,,,,,,,,STL 17,-2.4,-1.1,-0.184846154,-12.5,41,4.6,,3.8,3.55,3.4,5.925,5.44,4.716666667
Niles Paul,25,2014,TE,WAS,,DAL,,16,17,Sun,,,,,,,,,,,,,,,,,,DAL 17,1.8,-0.2,-0.093,6,49.5,6.053333333,,0,1.35,1.466666667,1.525,1.64,2.15
Derek Anderson,31,2014,QB,CAR,,ATL,,16,17,Sun,,,,,,,,,,,,,,,,,,ATL 17,0.1,-0.8,0.244,4,47.5,8.073333333,,0,7.74,5.16,3.87,3.096,2.58
Andrew Quarless,25,2014,TE,GB,,DET,,16,17,Sun,,,,,,,,,,,,,,,,,,DET 17,-0.3,1,-0.106,-7.5,47.5,5.286666667,,3.7,2.7,4.533333333,4.325,4.86,4.966666667
Stepfan Taylor,23,2014,RB,ARI,,SF,,16,17,Sun,,,,,,,,,,,,,,,,,,SF 17,-3.2,0.8,-0.152358209,6,36.5,4.7,,6.4,6.25,5.366666667,5.85,4.96,4.466666667
Theo Riddick,23,2014,RB,DET,,GB,,16,17,Sun,,,,,,,,,,,,,,,,,,GB 17,-0.1,-0.6,-0.028653061,7.5,47.5,6.176923077,,3,1.7,1.133333333,3.7,4.6,4.766666667
Luke Willson,24,2014,TE,SEA,,STL,,16,17,Sun,,,,,,,,,,,,,,,,,,STL 17,-1.8,-2.2,-0.121,-12.5,41,5.071428571,,31.9,15.95,11,10.225,8.8,8.683333333
Anthony Dixon,27,2014,RB,BUF,,NE,,16,17,Sun,,,,,,,,,,,,,,,,,,NE 17,-0.5,-6.8,-0.120533333,4.5,44,3.773333333,,0.7,1.9,1.766666667,1.95,4.2,4.633333333
Jordan Cameron,26,2014,TE,CLE,,BAL,,16,17,Sun,,,,,,,,,,,,,,,,,,BAL 17,-0.5,0.9,0.054,10,40.5,7.922222222,,17.8,9.6,9.1,6.825,5.46,4.55
Brian Hartline,27,2014,WR,MIA,,NYJ,,16,17,Sun,,,,,,,,,,,,,,,,,,NYJ 17,0.5,-2,0.174,-5.5,41.5,5.6,,0,0,3.033333333,2.75,3.38,4.233333333
Louis Murphy,27,2014,WR,TB,,NO,,16,17,Sun,,,,,,,,,,,,,,,,,,NO 17,0.9,-0.6,0.198,4,47,7.272727273,,0,0,1.6,1.625,5.36,4.466666667
Preston Parker,27,2014,WR,NYG,,PHI,,16,17,Sun,,,,,,,,,,,,,,,,,,PHI 17,4.2,0.6,0.075,-2.5,52,5.653333333,,6.2,4.2,6.466666667,7,6.12,5.416666667
Travis Benjamin,24,2014,WR,CLE,,BAL,,16,17,Sun,,,,,,,,,,,,,,,,,,BAL 17,3.1,4.5,0.055,10,40.5,4.306666667,,0,0.95,1.866666667,1.4,1.12,1.483333333
Stedman Bailey,23,2014,WR,STL,,SEA,,16,17,Sun,,,,,,,,,,,,,,,,,,SEA 17,-7.7,-6.6,-0.055,12.5,41,6.007692308,,4.2,8.95,8.2,10.65,12.9,11.68333333
Anthony Fasano,30,2014,TE,KC,,SD,,16,17,Sun,,,,,,,,,,,,,,,,,,SD 17,-2,-1.8,-0.038,-2.5,42.5,5.114285714,,1.1,1.15,0.766666667,2.825,4.46,3.716666667
Marqise Lee,22,2014,WR,JAC,,HOU,,16,17,Sun,,,,,,,,,,,,,,,,,,HOU 17,4.1,3.3,-0.043,9.5,40.5,6.941666667,,10.5,7.95,9.333333333,11.875,11.14,9.666666667
Stevan Ridley,25,2014,RB,NE,,BUF,,16,17,Sun,,,,,,,,,,,,,,,,,,BUF 17,-2.6,-0.5,-0.129714286,-4.5,44,8.666666667,,0,0,0,0,0,0
Dan Herron,25,2014,RB,IND,,TEN,,16,17,Sun,,,,,,,,,,,,,,,,,,TEN 17,3.8,6.2,0.032,-7,46,4.52,,7,8.1,9.1,10.975,11.5,9.583333333
Josh Hill,24,2014,TE,NO,,TB,,16,17,Sun,,,,,,,,,,,,,,,,,,TB 17,-0.3,-0.4,0.079,-4,47,4.106666667,,0,7.75,5.166666667,4.55,4.48,3.733333333
Juwan Thompson,22,2014,RB,DEN,,OAK,,16,17,Sun,,,,,,,,,,,,,,,,,,OAK 17,4.8,5.7,-0.098517241,-14,48,3.38,,0.2,0.8,3.433333333,3.55,3.5,3.166666667
Bernard Pierce,24,2014,RB,BAL,,CLE,,16,17,Sun,,,,,,,,,,,,,,,,,,CLE 17,2,3.6,0.060011236,-10,40.5,4.175,,0,1.85,2.9,2.575,2.94,2.966666667
Khiry Robinson,24,2014,RB,NO,,TB,,16,17,Sun,,,,,,,,,,,,,,,,,,TB 17,1.1,-2.8,-0.145,-4,47,6.088888889,,2.2,3.1,2.066666667,1.55,1.24,1.033333333
Jacquizz Rodgers,24,2014,RB,ATL,,CAR,,16,17,Sun,,,,,,,,,,,,,,,,,,CAR 17,-0.2,-3.3,-0.110226667,-4,47.5,4.646666667,,4.2,3.35,3.7,4.15,5.66,5.416666667
Michael Vick,34,2014,QB,NYJ,,MIA,,16,17,Sun,,,,,,,,,,,,,,,,,,MIA 17,-1.8,3.2,-0.001,5.5,41.5,4.94,,0,0,0,0,0.488,3.27
Jace Amaro,22,2014,TE,NYJ,,MIA,,16,17,Sun,,,,,,,,,,,,,,,,,,MIA 17,-2.6,-0.3,-0.275,5.5,41.5,5.930769231,,0,1.5,1,0.75,0.6,1.933333333
C.J. Spiller,27,2014,RB,BUF,,NE,,16,17,Sun,,,,,,,,,,,,,,,,,,NE 17,-0.5,-6.8,-0.113714286,4.5,44,7.7,,4,2,1.333333333,1,0.8,0.666666667
Zac Stacy,23,2014,RB,STL,,SEA,,16,17,Sun,,,,,,,,,,,,,,,,,,SEA 17,-3.3,-6.3,-0.182629213,12.5,41,5.125,,0.6,0.3,0.2,0.825,0.66,0.55
John Carlson,30,2014,TE,ARI,,SF,,16,17,Sun,,,,,,,,,,,,,,,,,,SF 17,0.1,1.8,-0.13,6,36.5,4.826666667,,3.5,2.8,2.233333333,3.125,3.6,4.116666667
Philly Brown,22,2014,WR,CAR,,ATL,,16,17,Sun,,,,,,,,,,,,,,,,,,ATL 17,2.1,3.2,0.244,4,47.5,5.1,,4.2,3.95,5.033333333,6.725,7.72,6.433333333
Shonn Greene,29,2014,RB,TEN,,IND,,16,17,Sun,,,,,,,,,,,,,,,,,,IND 17,1.4,-1.3,-0.05502381,7,46,3.591666667,,2.8,5.05,3.366666667,2.525,3.52,3.033333333
Daniel Fells,31,2014,TE,NYG,,PHI,,16,17,Sun,,,,,,,,,,,,,,,,,,PHI 17,-2.2,-2.8,0.037,-2.5,52,3.853333333,,4,3.3,2.2,1.65,2.62,2.183333333
Jason Avant,31,2014,WR,KC,,SD,,16,17,Sun,,,,,,,,,,,,,,,,,,SD 17,1.7,3.1,0.185,-2.5,42.5,4.913333333,,7.7,5.05,7.166666667,6.625,5.3,4.716666667
Victor Cruz,27,2014,WR,NYG,,PHI,,16,17,Sun,,,,,,,,,,,,,,,,,,PHI 17,4.2,0.6,0.075,-2.5,52,10.45,,0,0,0,0,0,0
Brice Butler,24,2014,WR,OAK,,DEN,,16,17,Sun,,,,,,,,,,,,,,,,,,DEN 17,0,-3.3,-0.07,14,48,4.242857143,,0,2.65,1.766666667,2.5,2.82,2.766666667
Jordan Reed,24,2014,TE,WAS,,DAL,,16,17,Sun,,,,,,,,,,,,,,,,,,DAL 17,1.8,-0.2,-0.093,6,49.5,8.05,,2.5,3.4,4.1,9.15,7.32,6.8
Darrel Young,27,2014,RB,WAS,,DAL,,16,17,Sun,,,,,,,,,,,,,,,,,,DAL 17,0.6,2.2,-0.065842105,6,49.5,3.293333333,,13.5,7.5,5,3.75,3,2.733333333
Donald Brown,27,2014,RB,SD,,KC,,16,17,Sun,,,,,,,,,,,,,,,,,,KC 17,-1.2,-1.3,0.005941748,2.5,42.5,5.558333333,,2.6,6.1,7.366666667,5.875,5.64,4.933333333
Dion Sims,23,2014,TE,MIA,,NYJ,,16,17,Sun,,,,,,,,,,,,,,,,,,NYJ 17,1.5,-1.4,0.369,-5.5,41.5,4.684615385,,12.5,6.25,5.433333333,6.525,6.64,6.05
Damaris Johnson,24,2014,WR,HOU,,JAC,,16,17,Sun,,,,,,,,,,,,,,,,,,JAC 17,-1.4,-6.5,0.083,-9.5,40.5,4.246666667,,6.7,5.4,4.366666667,3.275,3.64,4.316666667
Kamar Aiken,25,2014,WR,BAL,,CLE,,16,17,Sun,,,,,,,,,,,,,,,,,,CLE 17,-2.3,-4.9,-0.127,-10,40.5,3.96,,0,0,6.166666667,6.65,5.32,4.816666667
Joseph Randle,22,2014,RB,DAL,,WAS,,16,17,Sun,,,,,,,,,,,,,,,,,,WAS 17,-3.3,-3.8,-0.16068,-6,49.5,2.826666667,,4.4,2.85,4.466666667,3.725,2.98,4.416666667
Clay Harbor,27,2014,TE,JAC,,HOU,,16,17,Sun,,,,,,,,,,,,,,,,,,HOU 17,-2.8,-2,-0.215,9.5,40.5,5.075,,0,0,0,0.675,0.54,1.416666667
Dexter McCluster,25,2014,WR,TEN,,IND,,16,17,Sun,,,,,,,,,,,,,,,,,,IND 17,-2.7,-0.2,0.048,7,46,4.557142857,,0,2.15,2.433333333,3.425,4.88,4.6
Vernon Davis,30,2014,TE,SF,,ARI,,16,17,Sun,,,,,,,,,,,,,,,,,,ARI 17,2.7,3.8,0.129,-6,36.5,4.692307692,,0,0,1.533333333,1.975,2.6,2.516666667
Marcel Reece,29,2014,RB,OAK,,DEN,,16,17,Sun,,,,,,,,,,,,,,,,,,DEN 17,-2.7,-1.6,-0.142444444,14,48,4.992857143,,4,2,7.866666667,8.65,8.02,6.683333333
Marcedes Lewis,30,2014,TE,JAC,,HOU,,16,17,Sun,,,,,,,,,,,,,,,,,,HOU 17,-2.8,-2,-0.215,9.5,40.5,7.228571429,,8.6,6.4,7.566666667,6.375,5.1,4.25
Kyle Rudolph,25,2014,TE,MIN,,CHI,,16,17,Sun,,,,,,,,,,,,,,,,,,CHI 17,4,1,0.336,-6.5,44,7.2625,,0,6.95,5.6,6.125,6.5,5.416666667
Damien Williams,,2014,RB,MIA,,NYJ,,16,17,Sun,,,,,,,,,,,,,,,,,,NYJ 17,-3.2,-0.4,-0.182890909,-5.5,41.5,3.835714286,,18.8,10.85,7.933333333,5.95,4.76,4.933333333
Jaron Brown,24,2014,WR,ARI,,SF,,16,17,Sun,,,,,,,,,,,,,,,,,,SF 17,-1,-2.3,-0.089,6,36.5,3.726666667,,1.6,0.8,4.8,7.225,6.66,5.783333333
Daniel Thomas,26,2014,RB,MIA,,NYJ,,16,17,Sun,,,,,,,,,,,,,,,,,,NYJ 17,-3.2,-0.4,-0.170036364,-5.5,41.5,3.264285714,,0,2.25,1.5,1.575,2.84,2.75
Jordan Todman,24,2014,RB,JAC,,HOU,,16,17,Sun,,,,,,,,,,,,,,,,,,HOU 17,-1.1,-4.3,-0.100888889,9.5,40.5,3.64,,15.6,9.6,7.266666667,5.85,5.36,5.516666667
Gavin Escobar,23,2014,TE,DAL,,WAS,,16,17,Sun,,,,,,,,,,,,,,,,,,WAS 17,3,5.4,0.251,-6,49.5,2.9,,0,0,2.533333333,1.9,1.52,1.666666667
Jeff Cumberland,27,2014,TE,NYJ,,MIA,,16,17,Sun,,,,,,,,,,,,,,,,,,MIA 17,-2.6,-0.3,-0.275,5.5,41.5,3.693333333,,13.3,8.75,5.833333333,4.375,3.8,3.166666667
Brandon Lloyd,33,2014,WR,SF,,ARI,,16,17,Sun,,,,,,,,,,,,,,,,,,ARI 17,-0.2,-2,0.002,-6,36.5,3.615384615,,0,1.1,0.733333333,0.95,0.76,0.633333333
Travaris Cadet,25,2014,RB,NO,,TB,,16,17,Sun,,,,,,,,,,,,,,,,,,TB 17,1.1,-2.8,-0.145,-4,47,5.135714286,,0,0,1.266666667,1.725,2,2.683333333
Lance Moore,31,2014,WR,PIT,,CIN,,16,17,Sun,,,,,,,,,,,,,,,,,,CIN 17,-5.7,-3.9,-0.059,-3.5,48,3.523076923,,0,0,1.3,1.8,1.94,2.416666667
Leon Washington,32,2014,RB,TEN,,IND,,16,17,Sun,,,,,,,,,,,,,,,,,,IND 17,1.4,-1.3,0.218666667,7,46,3.493333333,,20.3,10.25,8.133333333,6.55,5.24,4.366666667
Chris Polk,25,2014,RB,PHI,,NYG,,16,17,Sun,,,,,,,,,,,,,,,,,,NYG 17,1.1,-3.4,-0.010219512,2.5,52,2.615384615,,0,6.3,4.2,4.375,4.1,3.25
Brandon Gibson,27,2014,WR,MIA,,NYJ,,16,17,Sun,,,,,,,,,,,,,,,,,,NYJ 17,0.5,-2,0.174,-5.5,41.5,4.369230769,,7,6.45,4.866666667,4.575,5.1,5.8
Levine Toilolo,23,2014,TE,ATL,,CAR,,16,17,Sun,,,,,,,,,,,,,,,,,,CAR 17,0.1,1.3,-0.117,-4,47.5,4.16,,5.7,3.55,2.366666667,4.65,4.46,4.433333333
Austin Seferian-Jenkins,24,2014,TE,TB,,NO,,16,17,Sun,,,,,,,,,,,,,,,,,,NO 17,-0.6,-0.2,-0.286,4,47,6.011111111,,0,0,0,0,0.72,0.883333333
Brent Celek,29,2014,TE,PHI,,NYG,,16,17,Sun,,,,,,,,,,,,,,,,,,NYG 17,1.7,-0.6,0.15,2.5,52,4.26,,2.5,5.35,3.566666667,3.1,4.44,4.05
Chase Ford,24,2014,TE,MIN,,CHI,,16,17,Sun,,,,,,,,,,,,,,,,,,CHI 17,4,1,0.336,-6.5,44,5.48,,3.2,2.45,1.633333333,1.225,1.44,1.433333333
Ricardo Lockette,28,2014,WR,SEA,,STL,,16,17,Sun,,,,,,,,,,,,,,,,,,STL 17,3,0.5,0.1,-12.5,41,2.846666667,,2.5,1.25,1.8,1.35,2.24,1.866666667
Lance Dunbar,24,2014,RB,DAL,,WAS,,16,17,Sun,,,,,,,,,,,,,,,,,,WAS 17,-3.3,-3.8,-0.153391304,-6,49.5,3.28,,3.4,3.6,2.4,2.175,2.46,2.5
Cooper Helfet,25,2014,TE,SEA,,STL,,16,17,Sun,,,,,,,,,,,,,,,,,,STL 17,-1.8,-2.2,-0.121,-12.5,41,4.25,,2.9,1.45,0.966666667,0.725,2.72,2.466666667
Richard Rodgers,22,2014,TE,GB,,DET,,16,17,Sun,,,,,,,,,,,,,,,,,,DET 17,-0.3,1,-0.106,-7.5,47.5,3.033333333,,3.3,1.65,1.1,3.7,4.38,4.133333333
Josh Gordon,23,2014,WR,CLE,,BAL,,16,17,Sun,,,,,,,,,,,,,,,,,,BAL 17,3.1,4.5,0.055,10,40.5,10.86,,8.5,8.15,6.6,8.575,11.46,9.55
Jim Dray,27,2014,TE,CLE,,BAL,,16,17,Sun,,,,,,,,,,,,,,,,,,BAL 17,-0.5,0.9,0.054,10,40.5,3.146666667,,1.4,0.7,0.9,2.55,2.04,2.8
Chad Henne,29,2014,QB,JAC,,HOU,,16,17,Sun,,,,,,,,,,,,,,,,,,HOU 17,-1,-2.7,-0.043,9.5,40.5,10.72666667,,0,0,0,0,0,0
Jeremy Ross,26,2014,WR,DET,,GB,,16,17,Sun,,,,,,,,,,,,,,,,,,GB 17,2,-1.7,-0.003,7.5,47.5,3.466666667,,1.1,0.55,0.5,1.15,2.22,2.133333333
Derek Hagan,30,2014,WR,TEN,,IND,,16,17,Sun,,,,,,,,,,,,,,,,,,IND 17,-2.7,-0.2,0.048,7,46,3.12,,7.7,3.85,6.633333333,6.45,5.16,4.55
Bilal Powell,26,2014,RB,NYJ,,MIA,,16,17,Sun,,,,,,,,,,,,,,,,,,MIA 17,1.3,5.6,0.007767442,5.5,41.5,2.878571429,,5.4,4.6,3.266666667,3.525,2.82,2.416666667
Fozzy Whittaker,25,2014,RB,CAR,,ATL,,16,17,Sun,,,,,,,,,,,,,,,,,,ATL 17,5.6,5.2,0.051833333,4,47.5,3.711111111,,0.5,0.9,3.966666667,3.375,2.92,3.366666667
De'Anthony Thomas,21,2014,RB,KC,,SD,,16,17,Sun,,,,,,,,,,,,,,,,,,SD 17,-1.1,-3.4,0.066878788,-2.5,42.5,4.390909091,,10.1,6.5,5.033333333,4.4,4.4,4.366666667
Bryce Brown,23,2014,RB,BUF,,NE,,16,17,Sun,,,,,,,,,,,,,,,,,,NE 17,-0.5,-6.8,-0.108,4.5,44,6.457142857,,0,3.5,3.833333333,3.15,2.92,4.783333333
Charles Sims,24,2014,RB,TB,,NO,,16,17,Sun,,,,,,,,,,,,,,,,,,NO 17,4.3,7.2,0.157090909,4,47,6.571428571,,5.9,7.9,6.266666667,7.075,6.72,6.833333333
Montee Ball,23,2014,RB,DEN,,OAK,,16,17,Sun,,,,,,,,,,,,,,,,,,OAK 17,4.8,5.7,-0.077234375,-14,48,7.48,,0,0,0,0,0,0
Paul Richardson,22,2014,WR,SEA,,STL,,16,17,Sun,,,,,,,,,,,,,,,,,,STL 17,3,0.5,0.1,-12.5,41,3.578571429,,10.2,11.1,8.966666667,7.125,5.7,5.483333333
Eric Ebron,21,2014,TE,DET,,GB,,16,17,Sun,,,,,,,,,,,,,,,,,,GB 17,-1.2,-1.6,-0.062,7.5,47.5,4.166666667,,0,1.05,2.633333333,3.3,3.5,3.95
Bruce Ellington,23,2014,WR,SF,,ARI,,16,17,Sun,,,,,,,,,,,,,,,,,,ARI 17,-0.2,-2,0.002,-6,36.5,2.666666667,,15,7.5,5,3.75,3,2.5
Kenbrell Thompkins,26,2014,WR,OAK,,DEN,,16,17,Sun,,,,,,,,,,,,,,,,,,DEN 17,0,-3.3,-0.07,14,48,3.576923077,,14,7,4.666666667,4.7,3.76,4.25
Rhett Ellison,26,2014,TE,MIN,,CHI,,16,17,Sun,,,,,,,,,,,,,,,,,,CHI 17,4,1,0.336,-6.5,44,2.7,,6.7,4.8,3.2,2.4,2.54,3.4
Albert Wilson,22,2014,WR,KC,,SD,,16,17,Sun,,,,,,,,,,,,,,,,,,SD 17,1.7,3.1,0.185,-2.5,42.5,3.818181818,,13.7,11.8,10.96666667,8.225,7.52,6.266666667
Rishard Matthews,25,2014,WR,MIA,,NYJ,,16,17,Sun,,,,,,,,,,,,,,,,,,NYJ 17,0.5,-2,0.174,-5.5,41.5,2.628571429,,0,1.95,2.066666667,1.55,1.92,1.6
Ben Watson,33,2014,TE,NO,,TB,,16,17,Sun,,,,,,,,,,,,,,,,,,TB 17,-0.3,-0.4,0.079,-4,47,2.786666667,,1.2,1.35,3.833333333,5,4.28,3.566666667
Garrett Graham,28,2014,TE,HOU,,JAC,,16,17,Sun,,,,,,,,,,,,,,,,,,JAC 17,0,-0.2,0.049,-9.5,40.5,3.972727273,,0,0,0,0,1.62,3.25
Corey Fuller,24,2014,WR,DET,,GB,,16,17,Sun,,,,,,,,,,,,,,,,,,GB 17,2,-1.7,-0.003,7.5,47.5,2.68,,0,0,0,0.775,1.08,0.9
Greg Salas,26,2014,WR,NYJ,,MIA,,16,17,Sun,,,,,,,,,,,,,,,,,,MIA 17,0.6,5,-0.001,5.5,41.5,3.27,,0,0,0,2,1.6,1.333333333
DeAngelo Williams,31,2014,RB,CAR,,ATL,,16,17,Sun,,,,,,,,,,,,,,,,,,ATL 17,5.6,5.2,0.030132353,4,47.5,5.05,,0,0,0,0.525,1.38,2.283333333
Silas Redd,22,2014,RB,WAS,,DAL,,16,17,Sun,,,,,,,,,,,,,,,,,,DAL 17,0.6,2.2,-0.056,6,49.5,2.228571429,,0.4,4.85,5.366666667,4.025,3.22,3.433333333
Marlon Brown,23,2014,WR,BAL,,CLE,,16,17,Sun,,,,,,,,,,,,,,,,,,CLE 17,-2.3,-4.9,-0.127,-10,40.5,3.6,,2,6.8,6.533333333,6.275,5.5,5.216666667
Danny Amendola,28,2014,WR,NE,,BUF,,16,17,Sun,,,,,,,,,,,,,,,,,,BUF 17,-0.7,-2.6,-0.157,-4.5,44,3.106666667,,14.3,8.2,6.7,5.025,4.02,3.9
Nick Toon,25,2014,WR,NO,,TB,,16,17,Sun,,,,,,,,,,,,,,,,,,TB 17,2.4,2.5,0.191,-4,47,5.785714286,,7.8,7.55,7.866666667,8.325,8.1,6.75
Brandon Tate,27,2014,WR,CIN,,PIT,,16,17,Sun,,,,,,,,,,,,,,,,,,PIT 17,3.6,7.8,0.268,3.5,48,2.546666667,,2.2,0.6,0.4,0.3,0.24,0.2
Matt Cassel,32,2014,QB,MIN,,CHI,,16,17,Sun,,,,,,,,,,,,,,,,,,CHI 17,2.5,1.6,0.238,-6.5,44,7.933333333,,0,0,0,0,0,0
Ladarius Green,24,2014,TE,SD,,KC,,16,17,Sun,,,,,,,,,,,,,,,,,,KC 17,-1.4,-1.1,0.072,2.5,42.5,3.2,,0,0,1.166666667,1.4,2.2,2.183333333
Eric Weems,29,2014,WR,ATL,,CAR,,16,17,Sun,,,,,,,,,,,,,,,,,,CAR 17,-0.8,-5.8,0.04,-4,47.5,2.146666667,,7.3,3.65,4.933333333,4.425,3.54,2.95
Bruce Miller,27,2014,RB,SF,,ARI,,16,17,Sun,,,,,,,,,,,,,,,,,,ARI 17,-4.4,-1.9,-0.262714286,-6,36.5,2.54,,3.2,6.6,7,5.25,5.6,5.266666667
Knowshon Moreno,27,2014,RB,MIA,,NYJ,,16,17,Sun,,,,,,,,,,,,,,,,,,NYJ 17,-3.2,-0.4,-0.15115625,-5.5,41.5,7.533333333,,0,0,0,0,0,0
Ka'Deem Carey,22,2014,RB,CHI,,MIN,,16,17,Sun,,,,,,,,,,,,,,,,,,MIN 17,2.9,0.4,0.026487805,6.5,44,1.892857143,,0,3.65,2.433333333,2.45,2.02,1.683333333
Brenton Bersin,24,2014,WR,CAR,,ATL,,16,17,Sun,,,,,,,,,,,,,,,,,,ATL 17,2.1,3.2,0.244,4,47.5,2.292857143,,2.4,0.7,1.1,0.825,0.66,1.283333333
Jacob Tamme,29,2014,TE,DEN,,OAK,,16,17,Sun,,,,,,,,,,,,,,,,,,OAK 17,0.3,1.4,-0.124,-14,48,2.564285714,,1.8,0.9,0.933333333,1.05,0.84,1.883333333
Chris Givens,24,2014,WR,STL,,SEA,,16,17,Sun,,,,,,,,,,,,,,,,,,SEA 17,-7.7,-6.6,-0.055,12.5,41,2.269230769,,11.7,5.85,3.9,2.925,2.34,1.95
Peyton Hillis,28,2014,RB,NYG,,PHI,,16,17,Sun,,,,,,,,,,,,,,,,,,PHI 17,2.2,2.6,-0.072055556,-2.5,52,3.355555556,,0,0,0,0,0,0
Storm Johnson,22,2014,RB,JAC,,HOU,,16,17,Sun,,,,,,,,,,,,,,,,,,HOU 17,-1.1,-4.3,-0.092666667,9.5,40.5,4.24,,0.3,1.1,0.733333333,0.55,0.44,0.366666667
Kyle Juszczyk,23,2014,RB,BAL,,CLE,,16,17,Sun,,,,,,,,,,,,,,,,,,CLE 17,2,3.6,-0.418,-10,40.5,2.746666667,,0,0.2,0.9,0.675,1.36,2.066666667
Mike Williams,27,2014,WR,BUF,,NE,,16,17,Sun,,,,,,,,,,,,,,,,,,NE 17,-2.2,-1,0.009,4.5,44,3.133333333,,0,0,0,0,0,0
Brandon Weeden,31,2014,QB,DAL,,WAS,,16,17,Sun,,,,,,,,,,,,,,,,,,WAS 17,5,5.6,0.299,-6,49.5,5.255,,5.72,2.86,1.906666667,1.43,1.144,0.956666667
Ryan Mallett,26,2014,QB,HOU,,JAC,,16,17,Sun,,,,,,,,,,,,,,,,,,JAC 17,-0.6,-2.9,0.083,-9.5,40.5,7.266666667,,0,0,0,0,1.352,3.65
Ted Ginn,29,2014,WR,ARI,,SF,,16,17,Sun,,,,,,,,,,,,,,,,,,SF 17,-1,-2.3,-0.089,6,36.5,2.026666667,,0,0.85,1.166666667,3.4,2.72,2.266666667
Kerwynn Williams,23,2014,RB,ARI,,SF,,16,17,Sun,,,,,,,,,,,,,,,,,,SF 17,-3.2,0.8,-0.160947368,6,36.5,5,,0.4,5,7.666666667,5.75,4.6,3.833333333
Joe McKnight,26,2014,RB,KC,,SD,,16,17,Sun,,,,,,,,,,,,,,,,,,SD 17,-1.1,-3.4,0.128142857,-2.5,42.5,12.35,,0,0,0,0,0,0
Christine Michael,23,2014,RB,SEA,,STL,,16,17,Sun,,,,,,,,,,,,,,,,,,STL 17,-2.4,-1.1,-0.194294118,-12.5,41,2.055555556,,1.8,0.95,1.7,2.075,1.66,1.383333333
Marquess Wilson,22,2014,WR,CHI,,MIN,,16,17,Sun,,,,,,,,,,,,,,,,,,MIN 17,-1.3,-1.6,0.1,6.5,44,5.533333333,,13.6,12.1,9.366666667,7.025,6.02,5.533333333
James Casey,30,2014,TE,PHI,,NYG,,16,17,Sun,,,,,,,,,,,,,,,,,,NYG 17,1.7,-0.6,0.15,2.5,52,1.393333333,,0,0,0,0,1.68,1.4
Austin Pettis,26,2014,WR,STL,,SEA,,16,17,Sun,,,,,,,,,,,,,,,,,,SEA 17,-7.7,-6.6,-0.055,12.5,41,5.96,,0,0,0,0,0,0
Tony Moeaki,27,2014,TE,SEA,,STL,,16,17,Sun,,,,,,,,,,,,,,,,,,STL 17,-1.8,-2.2,-0.121,-12.5,41,4.86,,0,0,0.833333333,2.45,3.44,4.05
Jonathan Grimes,24,2014,RB,HOU,,JAC,,16,17,Sun,,,,,,,,,,,,,,,,,,JAC 17,2.6,4,-0.07075,-9.5,40.5,1.406666667,,0.2,0.1,0.066666667,0.375,1.86,2.45
Brandon Myers,29,2014,TE,TB,,NO,,16,17,Sun,,,,,,,,,,,,,,,,,,NO 17,-0.6,-0.2,-0.286,4,47,2.684615385,,0,0,0,0,0.38,0.833333333
Maurice Jones-Drew,29,2014,RB,OAK,,DEN,,16,17,Sun,,,,,,,,,,,,,,,,,,DEN 17,-2.7,-1.6,-0.216555556,14,48,2.225,,0,0.3,0.2,2,1.6,1.433333333
John Kuhn,32,2014,RB,GB,,DET,,16,17,Sun,,,,,,,,,,,,,,,,,,DET 17,-2.8,-0.9,-0.24688,-7.5,47.5,1.346666667,,2.2,1.1,1.4,1.05,1.22,1.066666667
Jonathan Dwyer,25,2014,RB,ARI,,SF,,16,17,Sun,,,,,,,,,,,,,,,,,,SF 17,-3.2,0.8,-0.156444444,6,36.5,6.95,,0,0,0,0,0,0
Crockett Gillmore,23,2014,TE,BAL,,CLE,,16,17,Sun,,,,,,,,,,,,,,,,,,CLE 17,-1.3,-2.3,-0.075,-10,40.5,1.778571429,,1.9,3.8,2.533333333,1.9,1.52,1.266666667
Joe Morgan,26,2014,WR,NO,,TB,,16,17,Sun,,,,,,,,,,,,,,,,,,TB 17,2.4,2.5,0.191,-4,47,3.98,,0,0,1.433333333,1.075,3.64,3.316666667
Mike Tolbert,29,2014,RB,CAR,,ATL,,16,17,Sun,,,,,,,,,,,,,,,,,,ATL 17,5.6,5.2,0.079571429,4,47.5,3.985714286,,1.9,1.15,3.5,3.25,2.6,2.166666667
Jimmy Clausen,27,2014,QB,CHI,,MIN,,16,17,Sun,,,,,,,,,,,,,,,,,,MIN 17,-0.9,1.3,0.1,6.5,44,4.205,,15.14,7.57,5.046666667,3.785,3.028,2.523333333
Jack Doyle,24,2014,TE,IND,,TEN,,16,17,Sun,,,,,,,,,,,,,,,,,,TEN 17,0.9,1.7,0.042,-7,46,1.98,,4.3,2.15,1.433333333,1.525,1.78,1.483333333
Donnie Avery,30,2014,WR,KC,,SD,,16,17,Sun,,,,,,,,,,,,,,,,,,SD 17,1.7,3.1,0.185,-2.5,42.5,5.266666667,,0,0,0,0.5,0.4,0.333333333
Gary Barnidge,28,2014,TE,CLE,,BAL,,16,17,Sun,,,,,,,,,,,,,,,,,,BAL 17,-0.5,0.9,0.054,10,40.5,2.383333333,,0,0,0,0.4,1.18,1.333333333
Joseph Fauria,24,2014,TE,DET,,GB,,16,17,Sun,,,,,,,,,,,,,,,,,,GB 17,-1.2,-1.6,-0.062,7.5,47.5,2.771428571,,0,0,3.233333333,2.875,2.3,1.916666667
T.J. Graham,25,2014,WR,NYJ,,MIA,,16,17,Sun,,,,,,,,,,,,,,,,,,MIA 17,0.6,5,-0.001,5.5,41.5,1.609090909,,0,0.95,0.633333333,0.475,0.38,2.6
Michael Campanaro,23,2014,WR,BAL,,CLE,,16,17,Sun,,,,,,,,,,,,,,,,,,CLE 17,-2.3,-4.9,-0.127,-10,40.5,6.833333333,,0,0,0,0,0,0
Rod Streater,26,2014,WR,OAK,,DEN,,16,17,Sun,,,,,,,,,,,,,,,,,,DEN 17,0,-3.3,-0.07,14,48,7.8,,0,0,0,0,0,0
Ryan Griffin,24,2014,TE,HOU,,JAC,,16,17,Sun,,,,,,,,,,,,,,,,,,JAC 17,0,-0.2,0.049,-9.5,40.5,1.553333333,,5.5,4.3,4.033333333,4.975,3.98,3.316666667
Brandon Bolden,24,2014,RB,NE,,BUF,,16,17,Sun,,,,,,,,,,,,,,,,,,BUF 17,-2.6,-0.5,-0.13136,-4.5,44,1.08,,3.2,1.6,1.066666667,2.725,2.18,1.816666667
Anthony Sherman,25,2014,RB,KC,,SD,,16,17,Sun,,,,,,,,,,,,,,,,,,SD 17,-1.1,-3.4,0.122333333,-2.5,42.5,1.593333333,,0,0.55,1.3,0.975,0.78,1.033333333
Josh Morgan,29,2014,WR,CHI,,MIN,,16,17,Sun,,,,,,,,,,,,,,,,,,MIN 17,-1.3,-1.6,0.1,6.5,44,1.753846154,,2.2,2.15,2.033333333,1.525,1.22,1.016666667
Rex Burkhead,22,2014,RB,CIN,,PIT,,16,17,Sun,,,,,,,,,,,,,,,,,,PIT 17,-2.2,-5.9,0.012,3.5,48,2.575,,0,3.7,2.466666667,1.85,1.48,2.35
Robert Hughes,25,2014,RB,ARI,,SF,,16,17,Sun,,,,,,,,,,,,,,,,,,SF 17,-3.2,0.8,-0.123538462,6,36.5,1.373333333,,0,0,1.5,1.125,0.96,1.816666667
Marion Grice,23,2014,RB,ARI,,SF,,16,17,Sun,,,,,,,,,,,,,,,,,,SF 17,-3.2,0.8,-0.148789474,6,36.5,1.866666667,,1.9,0.95,0.833333333,2.375,1.9,1.583333333
Matt Spaeth,30,2014,TE,PIT,,CIN,,16,17,Sun,,,,,,,,,,,,,,,,,,CIN 17,-0.3,-0.2,-0.191,-3.5,48,0.971428571,,0,0,1.1,0.825,0.66,0.55
Dennis Pitta,29,2014,TE,BAL,,CLE,,16,17,Sun,,,,,,,,,,,,,,,,,,CLE 17,-1.3,-2.3,-0.075,-10,40.5,9.5,,0,0,0,0,0,0
Christian Ponder,26,2014,QB,MIN,,CHI,,16,17,Sun,,,,,,,,,,,,,,,,,,CHI 17,2.5,1.6,0.238,-6.5,44,7.24,,0,0,0,0,0,0
Chase Coffman,28,2014,TE,TEN,,IND,,16,17,Sun,,,,,,,,,,,,,,,,,,IND 17,2.9,2.8,0.184,7,46,1.533333333,,2.4,1.2,0.8,0.6,0.48,2.433333333
Patrick DiMarco,25,2014,RB,ATL,,CAR,,16,17,Sun,,,,,,,,,,,,,,,,,,CAR 17,-0.2,-3.3,-0.252,-4,47.5,1.413333333,,1.3,0.65,1.066666667,0.8,0.64,1.1
James Wright,22,2014,WR,CIN,,PIT,,16,17,Sun,,,,,,,,,,,,,,,,,,PIT 17,3.6,7.8,0.268,3.5,48,1.554545455,,0,0,0,2.375,1.9,1.883333333
Joe Banyard,25,2014,RB,MIN,,CHI,,16,17,Sun,,,,,,,,,,,,,,,,,,CHI 17,2.1,6.4,-0.034956522,-6.5,44,1.421428571,,5.2,2.7,2.833333333,2.325,3.36,2.8
Johnny Manziel,21,2014,QB,CLE,,BAL,,16,17,Sun,,,,,,,,,,,,,,,,,,BAL 17,0.4,-0.2,0.055,10,40.5,2.58,,1.58,2.04,1.36,3.225,2.58,2.15
Vincent Brown,25,2014,WR,OAK,,DEN,,16,17,Sun,,,,,,,,,,,,,,,,,,DEN 17,0,-3.3,-0.07,14,48,3.4,,0,1.8,2.2,2.15,2.72,2.266666667
Robert Herron,22,2014,WR,TB,,NO,,16,17,Sun,,,,,,,,,,,,,,,,,,NO 17,0.9,-0.6,0.198,4,47,2.225,,0,0,0,0,0,0
Logan Paulsen,27,2014,TE,WAS,,DAL,,16,17,Sun,,,,,,,,,,,,,,,,,,DAL 17,1.8,-0.2,-0.093,6,49.5,1.72,,1.6,1.75,1.166666667,3.025,2.64,2.2
Cory Harkey,24,2014,TE,STL,,SEA,,16,17,Sun,,,,,,,,,,,,,,,,,,SEA 17,0.6,0.2,0.066,12.5,41,1.3,,1.1,2.1,1.4,3.35,2.68,2.233333333
John Conner,27,2014,RB,NYJ,,MIA,,16,17,Sun,,,,,,,,,,,,,,,,,,MIA 17,1.3,5.6,0.021333333,5.5,41.5,1.2,,3.8,5.85,3.9,2.975,2.64,2.2
Corey Washington,22,2014,WR,NYG,,PHI,,16,17,Sun,,,,,,,,,,,,,,,,,,PHI 17,4.2,0.6,0.075,-2.5,52,1.157142857,,0,0.7,0.466666667,0.35,0.28,0.233333333
Ed Dickson,27,2014,TE,CAR,,ATL,,16,17,Sun,,,,,,,,,,,,,,,,,,ATL 17,-1.4,-1.7,-0.113,4,47.5,1.266666667,,6.4,3.2,2.8,2.1,2.48,2.35
Rob Housler,26,2014,TE,ARI,,SF,,16,17,Sun,,,,,,,,,,,,,,,,,,SF 17,0.1,1.8,-0.13,6,36.5,1.285714286,,2.3,1.2,1.8,1.35,0.88,1.35
Chris Ogbonnaya,28,2014,RB,NYG,,PHI,,16,17,Sun,,,,,,,,,,,,,,,,,,PHI 17,2.2,2.6,-0.179,-2.5,52,1.833333333,,0,0,0,0,0,0
Adrien Robinson,25,2014,TE,NYG,,PHI,,16,17,Sun,,,,,,,,,,,,,,,,,,PHI 17,-2.2,-2.8,0.037,-2.5,52,1.066666667,,0,0,0,0,1.42,1.183333333
Jed Collins,28,2014,RB,DET,,GB,,16,17,Sun,,,,,,,,,,,,,,,,,,GB 17,-0.1,-0.6,-0.035727273,7.5,47.5,0.993333333,,0.3,0.15,0.1,0.075,0.06,0.1
Darrin Reaves,21,2014,RB,CAR,,ATL,,16,17,Sun,,,,,,,,,,,,,,,,,,ATL 17,5.6,5.2,0.045361111,4,47.5,2.65,,0,0,0,0,0,0
Chris Gragg,24,2014,TE,BUF,,NE,,16,17,Sun,,,,,,,,,,,,,,,,,,NE 17,1.3,0.4,0.206,4.5,44,1.78,,0,0,0,0,0.62,0.716666667
Junior Hemingway,25,2014,WR,KC,,SD,,16,17,Sun,,,,,,,,,,,,,,,,,,SD 17,1.7,3.1,0.185,-2.5,42.5,1.753846154,,0,0,0,0,0.28,0.233333333
Ronnie Brown,32,2014,RB,SD,,KC,,16,17,Sun,,,,,,,,,,,,,,,,,,KC 17,-1.2,-1.3,0.0012,2.5,42.5,1.744444444,,5.2,3.05,2.033333333,1.525,1.22,1.016666667
Derek Carrier,24,2014,TE,SF,,ARI,,16,17,Sun,,,,,,,,,,,,,,,,,,ARI 17,2.7,3.8,0.129,-6,36.5,1.7,,0,0,0,0,0,0
Jacoby Jones,30,2014,WR,BAL,,CLE,,16,17,Sun,,,,,,,,,,,,,,,,,,CLE 17,-2.3,-4.9,-0.127,-10,40.5,1.313333333,,4.8,2.4,2.9,3.3,2.7,2.25
Brian Tyms,25,2014,WR,NE,,BUF,,16,17,Sun,,,,,,,,,,,,,,,,,,BUF 17,-0.7,-2.6,-0.157,-4.5,44,1.13,,0,0,0,0,0,0
Chris Thompson,24,2014,RB,WAS,,DAL,,16,17,Sun,,,,,,,,,,,,,,,,,,DAL 17,0.6,2.2,-0.073,6,49.5,7.95,,3.5,7.95,5.3,3.975,3.18,2.65
Robert Meachem,30,2014,WR,NO,,TB,,16,17,Sun,,,,,,,,,,,,,,,,,,TB 17,2.4,2.5,0.191,-4,47,1.58,,2.3,1.15,0.766666667,0.575,0.46,0.383333333
Jackie Battle,31,2014,RB,TEN,,IND,,16,17,Sun,,,,,,,,,,,,,,,,,,IND 17,1.4,-1.3,0.172222222,7,46,0.98,,0,0,0,0,0,0.4
Austin Johnson,25,2014,RB,NO,,TB,,16,17,Sun,,,,,,,,,,,,,,,,,,TB 17,1.1,-2.8,-0.145,-4,47,1.671428571,,0,0,0,0,0,0
Denarius Moore,25,2014,WR,OAK,,DEN,,16,17,Sun,,,,,,,,,,,,,,,,,,DEN 17,0,-3.3,-0.07,14,48,2.26,,0,0,0,0,-0.2,-0.166666667
Brian Leonhardt,24,2014,TE,OAK,,DEN,,16,17,Sun,,,,,,,,,,,,,,,,,,DEN 17,1.2,1,-0.071,14,48,1.291666667,,0,0,0,0,0,0.233333333
Adrian Peterson,29,2014,RB,MIN,,CHI,,16,17,Sun,,,,,,,,,,,,,,,,,,CHI 17,2.1,6.4,-0.04173913,-6.5,44,11.3,,0,0,0,0,0,0
Cyrus Gray,24,2014,RB,KC,,SD,,16,17,Sun,,,,,,,,,,,,,,,,,,SD 17,-1.1,-3.4,-0.081,-2.5,42.5,1.011111111,,0,0,0,0,0,0
A.J. Jenkins,24,2014,WR,KC,,SD,,16,17,Sun,,,,,,,,,,,,,,,,,,SD 17,1.7,3.1,0.185,-2.5,42.5,1.9,,0,0,0,0,0,0
Santana Moss,35,2014,WR,WAS,,DAL,,16,17,Sun,,,,,,,,,,,,,,,,,,DAL 17,-2.9,-3.4,0.109,6,49.5,1.788888889,,0,1.4,3.366666667,4.025,3.22,2.683333333
Dante Rosario,30,2014,TE,CHI,,MIN,,16,17,Sun,,,,,,,,,,,,,,,,,,MIN 17,-1.2,1.8,-0.017,6.5,44,1.473333333,,1.1,1.25,0.833333333,0.625,0.82,0.966666667
Derrick Coleman,23,2014,RB,SEA,,STL,,16,17,Sun,,,,,,,,,,,,,,,,,,STL 17,-2.4,-1.1,-0.138,-12.5,41,2.18,,0,0,0,0,0,0
C.J. Fiedorowicz,23,2014,TE,HOU,,JAC,,16,17,Sun,,,,,,,,,,,,,,,,,,JAC 17,0,-0.2,0.049,-9.5,40.5,0.914285714,,9.2,4.6,3.066666667,2.3,1.84,1.533333333
Frank Summers,29,2014,RB,BUF,,NE,,16,17,Sun,,,,,,,,,,,,,,,,,,NE 17,-0.5,-6.8,-0.100363636,4.5,44,1.36,,0,0,0,0,0,0
David Nelson,27,2014,WR,NYJ,,MIA,,16,17,Sun,,,,,,,,,,,,,,,,,,MIA 17,0.6,5,-0.001,5.5,41.5,2.083333333,,0,0,0,0,0,0
Dwayne Harris,27,2014,WR,DAL,,WAS,,16,17,Sun,,,,,,,,,,,,,,,,,,WAS 17,3.8,8,0.299,-6,49.5,1.013333333,,0,0,0,0,0,0
Lee Smith,26,2014,TE,BUF,,NE,,16,17,Sun,,,,,,,,,,,,,,,,,,NE 17,1.3,0.4,0.206,4.5,44,1.107692308,,0,1.05,1.233333333,0.925,1.18,0.983333333
Will Ta'ufo'ou,28,2014,RB,JAC,,HOU,,16,17,Sun,,,,,,,,,,,,,,,,,,HOU 17,-1.1,-4.3,-0.112,9.5,40.5,1.006666667,,0,1.45,0.966666667,0.725,0.58,0.483333333
Zurlon Tipton,24,2014,RB,IND,,TEN,,16,17,Sun,,,,,,,,,,,,,,,,,,TEN 17,3.8,6.2,-0.0188,-7,46,2.4,,12,6,4,3,2.4,2
Josh Huff,23,2014,WR,PHI,,NYG,,16,17,Sun,,,,,,,,,,,,,,,,,,NYG 17,-1,2,0.074,2.5,52,1.445454545,,0,2.7,1.8,1.525,1.22,1.016666667
Dontrelle Inman,25,2014,WR,SD,,KC,,16,17,Sun,,,,,,,,,,,,,,,,,,KC 17,-1.7,0,0.057,2.5,42.5,2.483333333,,14.9,7.45,4.966666667,3.725,2.98,2.483333333
Ryan Lindley,25,2014,QB,ARI,,SF,,16,17,Sun,,,,,,,,,,,,,,,,,,SF 17,-1.6,-1.6,-0.089,6,36.5,3.92,,6.64,3.92,2.613333333,1.96,1.568,1.306666667
Keshawn Martin,24,2014,WR,HOU,,JAC,,16,17,Sun,,,,,,,,,,,,,,,,,,JAC 17,-1.4,-6.5,0.083,-9.5,40.5,0.92,,0,0,0.733333333,1.6,1.28,1.333333333
Matt Hasselbeck,38,2014,QB,IND,,TEN,,16,17,Sun,,,,,,,,,,,,,,,,,,TEN 17,1,4.8,0.186,-7,46,2.846666667,,8.04,4.02,2.68,2.01,1.608,1.34
Jamize Olawale,25,2014,RB,OAK,,DEN,,16,17,Sun,,,,,,,,,,,,,,,,,,DEN 17,-2.7,-1.6,-0.136,14,48,0.78,,7.1,3.55,2.366666667,1.775,1.42,1.183333333
Dane Sanzenbacher,26,2014,WR,CIN,,PIT,,16,17,Sun,,,,,,,,,,,,,,,,,,PIT 17,3.6,7.8,0.268,3.5,48,1.855555556,,2,1,0.666666667,0.5,0.4,0.333333333
Jimmy Garoppolo,23,2014,QB,NE,,BUF,,16,17,Sun,,,,,,,,,,,,,,,,,,BUF 17,-3.2,-3.6,-0.157,-4.5,44,1.396,,0,0,0,0,0,0
DuJuan Harris,26,2014,RB,GB,,DET,,16,17,Sun,,,,,,,,,,,,,,,,,,DET 17,-2.8,-0.9,-0.290588235,-7.5,47.5,0.566666667,,0,0,0,0,0,0
Nic Jacobs,23,2014,TE,JAC,,HOU,,16,17,Sun,,,,,,,,,,,,,,,,,,HOU 17,-2.8,-2,-0.215,9.5,40.5,0.8,,0,0,0,0,0,0.4
Zach Miller,28,2014,TE,SEA,,STL,,16,17,Sun,,,,,,,,,,,,,,,,,,STL 17,-1.8,-2.2,-0.121,-12.5,41,4.533333333,,0,0,0,0,0,0
Justin Brown,23,2014,WR,PIT,,CIN,,16,17,Sun,,,,,,,,,,,,,,,,,,CIN 17,-5.7,-3.9,-0.059,-3.5,48,2.55,,0,0,0,0,0,0
Case Keenum,26,2014,QB,HOU,,JAC,,16,17,Sun,,,,,,,,,,,,,,,,,,JAC 17,-0.6,-2.9,0.083,-9.5,40.5,8.3,,8.3,4.15,2.766666667,2.075,1.66,1.383333333
George Winn,24,2014,RB,DET,,GB,,16,17,Sun,,,,,,,,,,,,,,,,,,GB 17,-0.1,-0.6,-0.047,7.5,47.5,0.663636364,,0.5,0.25,0.233333333,0.175,0.14,0.116666667
Erik Lorig,28,2014,RB,NO,,TB,,16,17,Sun,,,,,,,,,,,,,,,,,,TB 17,1.1,-2.8,-0.145,-4,47,1.9,,0,0.05,0.033333333,1.875,1.5,2
Cedric Peerman,28,2014,RB,CIN,,PIT,,16,17,Sun,,,,,,,,,,,,,,,,,,PIT 17,-2.2,-5.9,-0.035666667,3.5,48,0.6,,0,0,-0.333333333,-0.25,-0.2,0.183333333
Logan Thomas,23,2014,QB,ARI,,SF,,16,17,Sun,,,,,,,,,,,,,,,,,,SF 17,-1.6,-1.6,-0.089,6,36.5,3.62,,0,0,0,0,0,0
Danny Woodhead,29,2014,RB,SD,,KC,,16,17,Sun,,,,,,,,,,,,,,,,,,KC 17,-1.2,-1.3,0.0045,2.5,42.5,4.066666667,,0,0,0,0,0,0
Brandon Pettigrew,29,2014,TE,DET,,GB,,16,17,Sun,,,,,,,,,,,,,,,,,,GB 17,-1.2,-1.6,-0.062,7.5,47.5,1.307692308,,0,0,0,0.3,0.24,0.2
Greg Little,25,2014,WR,CIN,,PIT,,16,17,Sun,,,,,,,,,,,,,,,,,,PIT 17,3.6,7.8,0.268,3.5,48,2.15,,0,0,0.533333333,0.4,0.32,0.266666667
Adam Thielen,24,2014,WR,MIN,,CHI,,16,17,Sun,,,,,,,,,,,,,,,,,,CHI 17,0.6,2,0.238,-6.5,44,0.793333333,,2.2,1.1,0.733333333,0.55,0.44,0.366666667
Mike Brown,25,2014,WR,JAC,,HOU,,16,17,Sun,,,,,,,,,,,,,,,,,,HOU 17,4.1,3.3,-0.043,9.5,40.5,2.96,,0,0,0,0,0,0
Kevin Norwood,25,2014,WR,SEA,,STL,,16,17,Sun,,,,,,,,,,,,,,,,,,STL 17,3,0.5,0.1,-12.5,41,1.725,,0,0,1.4,1.05,1.24,1.033333333
Santonio Holmes,30,2014,WR,CHI,,MIN,,16,17,Sun,,,,,,,,,,,,,,,,,,MIN 17,-1.3,-1.6,0.1,6.5,44,1.522222222,,0,0,0,0,0,0
Brandon Bostick,25,2014,TE,GB,,DET,,16,17,Sun,,,,,,,,,,,,,,,,,,DET 17,-0.3,1,-0.106,-7.5,47.5,0.691666667,,0,0,0,0,0,0
Ryan Grant,23,2014,WR,WAS,,DAL,,16,17,Sun,,,,,,,,,,,,,,,,,,DAL 17,-2.9,-3.4,0.109,6,49.5,0.806666667,,0,0,0.466666667,0.35,0.28,0.233333333
Jorvorskie Lane,27,2014,RB,TB,,NO,,16,17,Sun,,,,,,,,,,,,,,,,,,NO 17,4.3,7.2,0.149,4,47,0.788888889,,0,0,0,0,0.04,0.033333333
Michael Palmer,26,2014,TE,PIT,,CIN,,16,17,Sun,,,,,,,,,,,,,,,,,,CIN 17,-0.3,-0.2,-0.191,-3.5,48,0.473333333,,0,0,0,0,0,0
Bear Pascoe,28,2014,TE,ATL,,CAR,,16,17,Sun,,,,,,,,,,,,,,,,,,CAR 17,0.1,1.3,-0.117,-4,47.5,0.473333333,,0,0,0,0,0,0
John Phillips,27,2014,TE,SD,,KC,,16,17,Sun,,,,,,,,,,,,,,,,,,KC 17,-1.4,-1.1,0.072,2.5,42.5,0.473333333,,0,0,0,0,0,0
Blaine Gabbert,25,2014,QB,SF,,ARI,,16,17,Sun,,,,,,,,,,,,,,,,,,ARI 17,-0.2,1,0.002,-6,36.5,6.02,,0,0,0,0,0,0
Ryan Hewitt,23,2014,TE,CIN,,PIT,,16,17,Sun,,,,,,,,,,,,,,,,,,PIT 17,1.3,-2.5,0.14,3.5,48,0.833333333,,0,3.2,2.133333333,1.925,1.54,1.283333333
Matt McGloin,24,2014,QB,OAK,,DEN,,16,17,Sun,,,,,,,,,,,,,,,,,,DEN 17,1.6,0.8,-0.07,14,48,7.46,,0,0,0,0,0,0
Bryan Walters,26,2014,WR,SEA,,STL,,16,17,Sun,,,,,,,,,,,,,,,,,,STL 17,3,0.5,0.1,-12.5,41,0.958333333,,2.3,1.15,0.766666667,0.575,0.46,0.383333333
Kris Durham,26,2014,WR,TEN,,IND,,16,17,Sun,,,,,,,,,,,,,,,,,,IND 17,-2.7,-0.2,0.048,7,46,3.8,,3,2.7,3.8,2.85,2.28,1.9
Garrett Celek,26,2014,TE,SF,,ARI,,16,17,Sun,,,,,,,,,,,,,,,,,,ARI 17,2.7,3.8,0.129,-6,36.5,2.433333333,,0,2.05,2.433333333,1.825,1.46,1.216666667
Russell Shepard,24,2014,WR,TB,,NO,,16,17,Sun,,,,,,,,,,,,,,,,,,NO 17,0.9,-0.6,0.198,4,47,0.553333333,,0,1.65,1.1,0.825,0.66,0.55
James White,23,2014,RB,NE,,BUF,,16,17,Sun,,,,,,,,,,,,,,,,,,BUF 17,-2.6,-0.5,-0.1385,-4.5,44,4.15,,0,0,0,0,0,0
Dri Archer,23,2014,RB,PIT,,CIN,,16,17,Sun,,,,,,,,,,,,,,,,,,CIN 17,3.7,1.6,0.103857143,-3.5,48,0.863636364,,0,0,0,0,0,0
Marquise Goodwin,24,2014,WR,BUF,,NE,,16,17,Sun,,,,,,,,,,,,,,,,,,NE 17,-2.2,-1,0.009,4.5,44,0.5,,0,0,0.4,0.3,0.24,0.2
Kevin Ogletree,27,2014,WR,NYG,,PHI,,16,17,Sun,,,,,,,,,,,,,,,,,,PHI 17,4.2,0.6,0.075,-2.5,52,1.666666667,,0,2.75,1.833333333,2.5,2,1.666666667
James Develin,26,2014,RB,NE,,BUF,,16,17,Sun,,,,,,,,,,,,,,,,,,BUF 17,-2.6,-0.5,-0.156,-4.5,44,0.653333333,,0,0,0,0,0,0
Trey Watts,23,2014,RB,STL,,SEA,,16,17,Sun,,,,,,,,,,,,,,,,,,SEA 17,-3.3,-6.3,-0.1449,12.5,41,0.6,,0,0,0,0,0,0
Andre Caldwell,29,2014,WR,DEN,,OAK,,16,17,Sun,,,,,,,,,,,,,,,,,,OAK 17,-0.9,0.9,0.214,-14,48,0.646666667,,0,0,0,0,0,1.016666667
James Hanna,25,2014,TE,DAL,,WAS,,16,17,Sun,,,,,,,,,,,,,,,,,,WAS 17,3,5.4,0.251,-6,49.5,0.506666667,,0,1.1,0.733333333,0.55,1.18,0.983333333
Jeff Maehl,25,2014,WR,PHI,,NYG,,16,17,Sun,,,,,,,,,,,,,,,,,,NYG 17,-1,2,0.074,2.5,52,1.2,,0,0,0,0,0,0
Frankie Hammond,24,2014,WR,KC,,SD,,16,17,Sun,,,,,,,,,,,,,,,,,,SD 17,1.7,3.1,0.185,-2.5,42.5,0.566666667,,0,0.85,0.566666667,0.425,0.68,0.566666667
Michael Hoomanawanui,26,2014,TE,NE,,BUF,,16,17,Sun,,,,,,,,,,,,,,,,,,BUF 17,-3.3,-3.2,-0.209,-4.5,44,0.493333333,,0,0,0,0.825,0.66,0.55
Brandon Williams,27,2014,TE,CAR,,ATL,,16,17,Sun,,,,,,,,,,,,,,,,,,ATL 17,-1.4,-1.7,-0.113,4,47.5,0.646153846,,0,0,0,0,0,0
Michael Cox,24,2014,RB,NYG,,PHI,,16,17,Sun,,,,,,,,,,,,,,,,,,PHI 17,2.2,2.6,-0.050666667,-2.5,52,1.55,,0,0,0,0,0,0
Luke Stocker,26,2014,TE,TB,,NO,,16,17,Sun,,,,,,,,,,,,,,,,,,NO 17,-0.6,-0.2,-0.286,4,47,0.925,,2.8,1.4,1.4,1.05,1.16,0.966666667
Zach Sudfeld,25,2014,TE,NYJ,,MIA,,16,17,Sun,,,,,,,,,,,,,,,,,,MIA 17,-2.6,-0.3,-0.275,5.5,41.5,0.473333333,,1.6,0.8,0.533333333,1.15,0.92,0.766666667
Aaron Dobson,23,2014,WR,NE,,BUF,,16,17,Sun,,,,,,,,,,,,,,,,,,BUF 17,-0.7,-2.6,-0.157,-4.5,44,1.7,,0,0,0,0,0,0
Jerrel Jernigan,25,2014,WR,NYG,,PHI,,16,17,Sun,,,,,,,,,,,,,,,,,,PHI 17,4.2,0.6,0.075,-2.5,52,4.9,,0,0,0,0,0,0
Troy Niklas,21,2014,TE,ARI,,SF,,16,17,Sun,,,,,,,,,,,,,,,,,,SF 17,0.1,1.8,-0.13,6,36.5,0.971428571,,0,0,0,0,0,0.25
Tyler Eifert,23,2014,TE,CIN,,PIT,,16,17,Sun,,,,,,,,,,,,,,,,,,PIT 17,1.3,-2.5,0.14,3.5,48,6.7,,0,0,0,0,0,0
Seyi Ajirotutu,27,2014,WR,SD,,KC,,16,17,Sun,,,,,,,,,,,,,,,,,,KC 17,-1.7,0,0.057,2.5,42.5,0.44,,0,1.35,0.9,0.675,0.9,0.75
Will Johnson,25,2014,RB,PIT,,CIN,,16,17,Sun,,,,,,,,,,,,,,,,,,CIN 17,3.7,1.6,0.176714286,-3.5,48,0.533333333,,0,0,0,0,0,0
Tommy Bohanon,24,2014,RB,NYJ,,MIA,,16,17,Sun,,,,,,,,,,,,,,,,,,MIA 17,1.3,5.6,0.079666667,5.5,41.5,1.325,,0,0,0,0,0,0
Mike James,23,2014,RB,TB,,NO,,16,17,Sun,,,,,,,,,,,,,,,,,,NO 17,4.3,7.2,0.0778,4,47,0.381818182,,0,0,0,0,0,0
Darren Fells,28,2014,TE,ARI,,SF,,16,17,Sun,,,,,,,,,,,,,,,,,,SF 17,0.1,1.8,-0.13,6,36.5,0.688888889,,4.6,3.1,2.066666667,1.55,1.24,1.033333333
Virgil Green,26,2014,TE,DEN,,OAK,,16,17,Sun,,,,,,,,,,,,,,,,,,OAK 17,0.3,1.4,-0.124,-14,48,0.508333333,,0,0,0,0.5,0.4,0.333333333
Fitzgerald Toussaint,24,2014,RB,BAL,,CLE,,16,17,Sun,,,,,,,,,,,,,,,,,,CLE 17,2,3.6,-0.092,-10,40.5,1.7,,5.1,2.55,1.7,1.275,1.02,0.85
DeVier Posey,25,2014,WR,HOU,,JAC,,16,17,Sun,,,,,,,,,,,,,,,,,,JAC 17,-1.4,-6.5,0.083,-9.5,40.5,4,,0,2,1.333333333,1,0.8,0.666666667
Alfonso Smith,27,2014,RB,SF,,ARI,,16,17,Sun,,,,,,,,,,,,,,,,,,ARI 17,-4.4,-1.9,-0.2265,-6,36.5,0.98,,4.3,2.45,1.633333333,1.225,0.98,0.816666667
Craig Stevens,30,2014,TE,TEN,,IND,,16,17,Sun,,,,,,,,,,,,,,,,,,IND 17,2.9,2.8,0.184,7,46,0.92,,0,0,0,0,0,0
Ryan Broyles,26,2014,WR,DET,,GB,,16,17,Sun,,,,,,,,,,,,,,,,,,GB 17,2,-1.7,-0.003,7.5,47.5,0.9,,0,0,0,0,0,0
Kevin Brock,28,2014,TE,CIN,,PIT,,16,17,Sun,,,,,,,,,,,,,,,,,,PIT 17,1.3,-2.5,0.14,3.5,48,0.546153846,,0,0.6,1.666666667,1.25,1,0.833333333
Jerome Felton,28,2014,RB,MIN,,CHI,,16,17,Sun,,,,,,,,,,,,,,,,,,CHI 17,2.1,6.4,-0.044,-6.5,44,0.16,,0,0,0,0,0,0.05
Ryan Nassib,24,2014,QB,NYG,,PHI,,16,17,Sun,,,,,,,,,,,,,,,,,,PHI 17,2.3,-1.6,0.075,-2.5,52,0.275,,0,0,0,0,0,0
Jay Prosch,22,2014,RB,HOU,,JAC,,16,17,Sun,,,,,,,,,,,,,,,,,,JAC 17,2.6,4,-0.132,-9.5,40.5,0.226666667,,0,0,0,0,0,0
Taylor Thompson,24,2014,TE,TEN,,IND,,16,17,Sun,,,,,,,,,,,,,,,,,,IND 17,2.9,2.8,0.184,7,46,1.466666667,,0,0,0,0,0,0
Jarrett Boykin,24,2014,WR,GB,,DET,,16,17,Sun,,,,,,,,,,,,,,,,,,DET 17,-2.8,2,-0.062,-7.5,47.5,0.441666667,,0,0,0,0.4,0.32,0.266666667
Demetrius Harris,23,2014,TE,KC,,SD,,16,17,Sun,,,,,,,,,,,,,,,,,,SD 17,-2,-1.8,-0.038,-2.5,42.5,0.625,,0,0,0,0,0,0
Solomon Patton,23,2014,WR,TB,,NO,,16,17,Sun,,,,,,,,,,,,,,,,,,NO 17,0.9,-0.6,0.198,4,47,0.128571429,,0,0,0,0,0,0
Matt Simms,26,2014,QB,NYJ,,MIA,,16,17,Sun,,,,,,,,,,,,,,,,,,MIA 17,-1.8,3.2,-0.001,5.5,41.5,1.76,,0,0,0,0,0,0
Devin Street,23,2014,WR,DAL,,WAS,,16,17,Sun,,,,,,,,,,,,,,,,,,WAS 17,3.8,8,0.299,-6,49.5,0.253333333,,0,0,0,0,0,0
Ray Agnew,23,2014,RB,CLE,,BAL,,16,17,Sun,,,,,,,,,,,,,,,,,,BAL 17,-5.6,-3.7,-0.1752,10,40.5,0.391666667,,0,0,0,0,0,0
Jeremy Stewart,25,2014,RB,DEN,,OAK,,16,17,Sun,,,,,,,,,,,,,,,,,,OAK 17,4.8,5.7,-0.119,-14,48,0.34,,0,0.8,0.566666667,0.425,0.34,0.283333333
Jeff Janis,23,2014,WR,GB,,DET,,16,17,Sun,,,,,,,,,,,,,,,,,,DET 17,-2.8,2,-0.062,-7.5,47.5,1.2,,0,0,0,0,0,0
Joe Webb,28,2014,QB,CAR,,ATL,,16,17,Sun,,,,,,,,,,,,,,,,,,ATL 17,0.1,-0.8,0.244,4,47.5,0.433333333,,0,0,0,0,0,0.433333333
Brian Leonard,30,2014,RB,NO,,TB,,16,17,Sun,,,,,,,,,,,,,,,,,,TB 17,1.1,-2.8,-0.145,-4,47,2.5,,0,0,0,0,0,0.416666667
David Ausberry,27,2014,TE,OAK,,DEN,,16,17,Sun,,,,,,,,,,,,,,,,,,DEN 17,1.2,1,-0.071,14,48,0.566666667,,0,0,0,0,0,0
Darrius Heyward-Bey,27,2014,WR,PIT,,CIN,,16,17,Sun,,,,,,,,,,,,,,,,,,CIN 17,-5.7,-3.9,-0.059,-3.5,48,0.353333333,,0,0,0,0,0,0
Henry Hynoski,25,2014,RB,NYG,,PHI,,16,17,Sun,,,,,,,,,,,,,,,,,,PHI 17,2.2,2.6,-0.179,-2.5,52,0.086666667,,0,0.1,0.066666667,0.05,0.12,0.166666667
Jason Campbell,32,2014,QB,CIN,,PIT,,16,17,Sun,,,,,,,,,,,,,,,,,,PIT 17,3,4.8,0.268,3.5,48,0.515,,0,0,0.033333333,0.025,0.02,0.016666667
Courtney Roby,31,2014,WR,ATL,,CAR,,16,17,Sun,,,,,,,,,,,,,,,,,,CAR 17,-0.8,-5.8,0.04,-4,47.5,0.525,,0,0,0,0,0,0
Ace Sanders,23,2014,WR,JAC,,HOU,,16,17,Sun,,,,,,,,,,,,,,,,,,HOU 17,4.1,3.3,-0.043,9.5,40.5,0.554545455,,0,0,0.633333333,0.475,0.38,0.483333333
Brad Smith,30,2014,WR,PHI,,NYG,,16,17,Sun,,,,,,,,,,,,,,,,,,NYG 17,-1,2,0.074,2.5,52,0.175,,0,0,0,0,0,0
Trey Burton,23,2014,TE,PHI,,NYG,,16,17,Sun,,,,,,,,,,,,,,,,,,NYG 17,1.7,-0.6,0.15,2.5,52,0.071428571,,0,0,0,0,0,0
Vance McDonald,24,2014,TE,SF,,ARI,,16,17,Sun,,,,,,,,,,,,,,,,,,ARI 17,2.7,3.8,0.129,-6,36.5,0.5,,0,0,0,0,0,0
Josh Harris,23,2014,RB,PIT,,CIN,,16,17,Sun,,,,,,,,,,,,,,,,,,CIN 17,3.7,1.6,0.031,-3.5,48,0.225,,0,0,0,0,0,0
Cody Latimer,22,2014,WR,DEN,,OAK,,16,17,Sun,,,,,,,,,,,,,,,,,,OAK 17,-0.9,0.9,0.214,-14,48,0.271428571,,0,0,0,0,0,0
Quinton Patton,24,2014,WR,SF,,ARI,,16,17,Sun,,,,,,,,,,,,,,,,,,ARI 17,-0.2,-2,0.002,-6,36.5,1.3,,3.9,1.95,1.3,0.975,0.78,0.65
Josh Cribbs,31,2014,WR,IND,,TEN,,16,17,Sun,,,,,,,,,,,,,,,,,,TEN 17,1.2,3.4,0.186,-7,46,-0.04,,1.8,0.9,0.6,0.45,0.36,0.3
Marcel Jensen,24,2014,TE,JAC,,HOU,,16,17,Sun,,,,,,,,,,,,,,,,,,HOU 17,-2.8,-2,-0.215,9.5,40.5,1.8,,0,0,0,0,0,0
Matt Moore,30,2014,QB,MIA,,NYJ,,16,17,Sun,,,,,,,,,,,,,,,,,,NYJ 17,1.6,-2.4,0.174,-5.5,41.5,0.32,,0,0,0,0,0,0
Micheal Spurlock,31,2014,WR,CHI,,MIN,,16,17,Sun,,,,,,,,,,,,,,,,,,MIN 17,-1.3,-1.6,0.1,6.5,44,1.8,,0,0,0,0,0,0
Brock Osweiler,24,2014,QB,DEN,,OAK,,16,17,Sun,,,,,,,,,,,,,,,,,,OAK 17,1.7,3.4,0.214,-14,48,0.206666667,,0,0,0,0,0,0
Tom Savage,24,2014,QB,HOU,,JAC,,16,17,Sun,,,,,,,,,,,,,,,,,,JAC 17,-0.6,-2.9,0.083,-9.5,40.5,0.74,,0,0.84,0.56,0.42,0.336,0.28
Aldrick Robinson,25,2014,WR,WAS,,DAL,,16,17,Sun,,,,,,,,,,,,,,,,,,DAL 17,-2.9,-3.4,0.109,6,49.5,0.8,,0,0,0,0,0,0
T.J. Yates,27,2014,QB,ATL,,CAR,,16,17,Sun,,,,,,,,,,,,,,,,,,CAR 17,0,-1.6,0.04,-4,47.5,1.56,,0,0,0,0,0,0
Kellen Clemens,31,2014,QB,SD,,KC,,16,17,Sun,,,,,,,,,,,,,,,,,,KC 17,-1.6,-0.8,0.057,2.5,42.5,0.2,,0,0,0,0,0,0
Kevin Dorsey,24,2014,WR,GB,,DET,,16,17,Sun,,,,,,,,,,,,,,,,,,DET 17,-2.8,2,-0.062,-7.5,47.5,0.466666667,,0,0,0,0,0,0
David Johnson,27,2014,TE,SD,,KC,,16,17,Sun,,,,,,,,,,,,,,,,,,KC 17,-1.4,-1.1,0.072,2.5,42.5,0.7,,0,0,0,0,0,0.233333333
Griff Whalen,24,2014,WR,IND,,TEN,,16,17,Sun,,,,,,,,,,,,,,,,,,TEN 17,1.2,3.4,0.186,-7,46,0.23,,0,0,0,0,0,0
Edwin Baker,23,2014,RB,NO,,TB,,16,17,Sun,,,,,,,,,,,,,,,,,,TB 17,1.1,-2.8,-0.145,-4,47,0.066666667,,0,0,0,0,0,0
Tyler Clutts,29,2014,RB,DAL,,WAS,,16,17,Sun,,,,,,,,,,,,,,,,,,WAS 17,-3.3,-3.8,-0.14,-6,49.5,0.073333333,,0,0,0,0,0,0
