Player,Pos,Tm,Opp,Pred Pts,DK Salary,Pts/$
Odell Beckham,WR,NYG,PHI,34.47782804,9600,3.591440421
Le'Veon Bell,RB,PIT,CIN,32.37619387,9500,3.408020408
Eli Manning,QB,NYG,PHI,23.17032124,7100,3.263425527
Antonio Brown,WR,PIT,CIN,22.18582468,8500,2.610097021
DeMarco Murray,RB,DAL,WAS,21.84838502,8800,2.482771025
C.J. Anderson,RB,DEN,OAK,21.63790888,7000,3.09112984
Russell Wilson,QB,SEA,STL,21.21886781,7500,2.829182375
Cam Newton,QB,CAR,ATL,21.0402038,7500,2.805360507
Dez Bryant,WR,DAL,WAS,21.01915604,8500,2.472841887
Andy Dalton,QB,CIN,PIT,20.84581452,6000,3.474302421
Calvin Johnson,WR,DET,GB,20.52470044,8700,2.35916097
Eddie Lacy,RB,GB,DET,20.46069908,6900,2.965318708
Jordy Nelson,WR,GB,DET,20.07528441,8400,2.389914811
Matt Ryan,QB,ATL,CAR,20.01247939,7700,2.599023298
Drew Brees,QB,NO,TB,19.75087177,8400,2.351294258
Mark Sanchez,QB,PHI,NYG,19.50761126,6700,2.911583771
Aaron Rodgers,QB,GB,DET,19.493551,8600,2.266691976
Tony Romo,QB,DAL,WAS,19.12602954,8000,2.390753693
Demaryius Thomas,WR,DEN,OAK,18.90516185,8500,2.224136688
Julio Jones,WR,ATL,CAR,18.53757785,8100,2.288589858
Peyton Manning,QB,DEN,OAK,18.47396672,8600,2.148135666
Alex Smith,QB,KC,SD,17.90940454,5800,3.087828369
Ben Roethlisberger,QB,PIT,CIN,17.80390571,7300,2.438891194
Jeremy Hill,RB,CIN,PIT,17.7439017,6000,2.95731695
Matt Forte,RB,CHI,MIN,17.7038704,8500,2.082808283
Joique Bell,RB,DET,GB,17.35654012,6000,2.892756687
Teddy Bridgewater,QB,MIN,CHI,17.21817291,5900,2.918334391
Ryan Tannehill,QB,MIA,NYJ,17.13987346,7200,2.38053798
A.J. Green,WR,CIN,PIT,16.77979745,8300,2.021662343
Emmanuel Sanders,WR,DEN,OAK,16.71551859,7000,2.387931227
Marques Colston,WR,NO,TB,16.71009836,5600,2.983946135
Andrew Luck,QB,IND,TEN,16.60678548,8700,1.908825917
Kenny Stills,WR,NO,TB,16.48054534,6000,2.746757557
Alshon Jeffery,WR,CHI,MIN,16.36202524,7500,2.181603365
Matthew Stafford,QB,DET,GB,16.27094449,6800,2.392785954
Randall Cobb,WR,GB,DET,16.17144335,7300,2.215266212
Tom Brady,QB,NE,BUF,16.1560091,7800,2.071283218
Marshawn Lynch,RB,SEA,STL,15.84732638,7300,2.170866627
Kyle Orton,QB,BUF,NE,15.84046594,5900,2.684824735
T.Y. Hilton,WR,IND,TEN,15.67327646,7400,2.118010332
Mike Wallace,WR,MIA,NYJ,15.25055537,5600,2.723313459
Colin Kaepernick,QB,SF,ARI,15.09181773,6300,2.395526624
Jonathan Stewart,RB,CAR,ATL,15.04635295,5700,2.639711043
Jay Cutler,QB,CHI,MIN,14.7680451,7400,1.995681771
Philip Rivers,QB,SD,KC,14.6036579,7300,2.000501082
DeAndre Hopkins,WR,HOU,JAC,14.49463326,5900,2.456717502
Vincent Jackson,WR,TB,NO,14.4171661,5500,2.621302927
Jarvis Landry,WR,MIA,NYJ,14.22639866,5400,2.63451827
Kelvin Benjamin,WR,CAR,ATL,14.13961281,6200,2.280582712
Doug Baldwin,WR,SEA,STL,13.95967449,4800,2.908265519
Matt Asiata,RB,MIN,CHI,13.94923109,5000,2.789846218
Josh McCown,QB,TB,NO,13.93657204,5200,2.680110008
Joe Flacco,QB,BAL,CLE,13.88247211,6200,2.239108405
Greg Jennings,WR,MIN,CHI,13.8121612,4300,3.212130512
Justin Forsett,RB,BAL,CLE,13.73681183,6200,2.215614811
Harry Douglas,WR,ATL,CAR,13.72036863,5000,2.744073726
Rob Gronkowski,TE,NE,BUF,13.66701057,7400,1.84689332
Lamar Miller,RB,MIA,NYJ,13.56994179,5000,2.713988358
Arian Foster,RB,HOU,JAC,13.49583591,7900,1.708333659
LeSean McCoy,RB,PHI,NYG,13.49414384,6700,2.014051319
Derek Carr,QB,OAK,DEN,13.41745086,5300,2.531594501
Jarius Wright,WR,MIN,CHI,13.37908317,3300,4.054267629
Jeremy Maclin,WR,PHI,NYG,13.05312555,6100,2.139856647
Coby Fleener,TE,IND,TEN,12.91026665,4700,2.746865244
Jamaal Charles,RB,KC,SD,12.84027972,7600,1.68951049
Mike Evans,WR,TB,NO,12.56064867,6100,2.059122733
Julian Edelman,WR,NE,BUF,12.41119864,6500,1.909415175
Shaun Hill,QB,STL,SEA,12.00078238,5200,2.307842765
Charles Johnson,WR,MIN,CHI,11.97791307,4600,2.603894146
Blake Bortles,QB,JAC,HOU,11.93676956,5000,2.387353913
Antonio Gates,TE,SD,KC,11.8508579,5900,2.008619983
Ryan Fitzpatrick,QB,HOU,JAC,11.7993516,,
Torrey Smith,WR,BAL,CLE,11.47113705,5300,2.164365481
Mark Ingram,RB,NO,TB,11.46011599,6500,1.763094768
Geno Smith,QB,NYJ,MIA,11.43409929,5000,2.286819858
Rueben Randle,WR,NYG,PHI,11.41613916,4800,2.378362325
Andre Williams,RB,NYG,PHI,11.38623899,4800,2.372133123
Eric Decker,WR,NYJ,MIA,11.34916831,4800,2.364410065
Josh Gordon,WR,CLE,BAL,11.29792252,5900,1.914902123
Jason Witten,TE,DAL,WAS,11.29324085,5000,2.258648171
Fred Jackson,RB,BUF,NE,11.14017782,5900,1.888165733
Brandon LaFell,WR,NE,BUF,11.02719853,5700,1.934596233
Tre Mason,RB,STL,SEA,10.91787813,4500,2.426195141
Alfred Morris,RB,WAS,DAL,10.89227097,4600,2.367884994
Anquan Boldin,WR,SF,ARI,10.77911346,5400,1.996132123
Keenan Allen,WR,SD,KC,10.74596169,5700,1.885256437
Greg Olsen,TE,CAR,ATL,10.68727299,5600,1.908441605
Jordan Matthews,WR,PHI,NYG,10.66654942,4600,2.318815091
Marqise Lee,WR,JAC,HOU,10.60930837,4200,2.526025803
Drew Stanton,QB,ARI,SF,10.58207475,5000,2.11641495
James Jones,WR,OAK,DEN,10.47816565,3500,2.993761614
Martellus Bennett,TE,CHI,MIN,10.45172189,5300,1.972022998
Nate Washington,WR,TEN,IND,10.38219693,4300,2.414464402
Golden Tate,WR,DET,GB,10.32398942,6000,1.720664904
Zach Ertz,TE,PHI,NYG,10.3006993,5100,2.01974496
Steve Smith,WR,BAL,CLE,10.11947444,4200,2.409398677
Roddy White,WR,ATL,CAR,10.11911977,6300,1.606209487
Charlie Whitehurst,QB,TEN,IND,10.05086768,5300,1.896390128
Percy Harvin,WR,NYJ,MIA,9.937658858,4400,2.258558831
Robert Woods,WR,BUF,NE,9.897672848,4400,2.249471102
Eddie Royal,WR,SD,KC,9.847841808,5500,1.790516692
Heath Miller,TE,PIT,CIN,9.738314984,4500,2.164069996
Cole Beasley,WR,DAL,WAS,9.644227081,3500,2.755493452
Jimmy Graham,TE,NO,TB,9.552794656,6700,1.425790247
Frank Gore,RB,SF,ARI,9.547850295,4500,2.12174451
Stedman Bailey,WR,STL,SEA,9.540336603,4200,2.271508715
Malcom Floyd,WR,SD,KC,9.466966247,4600,2.058036141
Kendall Wright,WR,TEN,IND,9.406869972,5200,1.809013456
Robert Griffin,QB,WAS,DAL,9.367987025,5700,1.643506496
Dan Herron,RB,IND,TEN,9.367819014,4200,2.230433099
Jermaine Gresham,TE,CIN,PIT,9.316191014,3200,2.911309692
Allen Hurns,WR,JAC,HOU,9.298870419,3400,2.734961888
Brian Hoyer,QB,CLE,BAL,9.280777115,5200,1.78476483
Delanie Walker,TE,TEN,IND,9.269287667,4400,2.106656288
Latavius Murray,RB,OAK,DEN,9.243680447,5000,1.848736089
Mychal Rivera,TE,OAK,DEN,9.223006204,3300,2.794850365
Charles Clay,TE,MIA,NYJ,9.218654623,4300,2.143873168
Sammy Watkins,WR,BUF,NE,9.066282772,5400,1.678941254
Martavis Bryant,WR,PIT,CIN,9.065568389,3900,2.324504715
Giovani Bernard,RB,CIN,PIT,8.996726001,4800,1.874317917
Zach Mettenberger,QB,TEN,IND,8.964876492,5000,1.792975298
Andre Johnson,WR,HOU,JAC,8.746290308,4900,1.784957206
Jimmy Clausen,QB,CHI,MIN,8.581429605,5200,1.650274924
Leon Washington,RB,TEN,IND,8.571619916,4200,2.040861885
Colt McCoy,QB,WAS,DAL,8.564137723,,
Travis Kelce,TE,KC,SD,8.554492596,4600,1.859672303
Andrew Hawkins,WR,CLE,BAL,8.494129034,3300,2.573978495
Isaiah Crowell,RB,CLE,BAL,8.474151766,3800,2.230039938
Jared Cook,TE,STL,SEA,8.455253575,3400,2.486839287
Terrance Williams,WR,DAL,WAS,8.443012277,3500,2.412289222
Philly Brown,WR,CAR,ATL,8.433631138,3000,2.811210379
Andre Holmes,WR,OAK,DEN,8.372175197,3600,2.325604221
Rashad Jennings,RB,NYG,PHI,8.318365247,4500,1.84852561
Jerricho Cotchery,WR,CAR,ATL,8.312001692,3500,2.374857626
Luke Willson,TE,SEA,STL,8.289972487,4200,1.973802973
Scott Chandler,TE,BUF,NE,8.203014168,3500,2.343718334
Chris Hogan,WR,BUF,NE,8.086519142,3200,2.527037232
Donte Moncrief,WR,IND,TEN,7.982400358,4600,1.735304426
Chris Johnson,RB,NYJ,MIA,7.952698116,3400,2.339028858
Michael Floyd,WR,ARI,SF,7.884925796,3700,2.131061026
Albert Wilson,WR,KC,SD,7.842669612,3800,2.063860424
Riley Cooper,WR,PHI,NYG,7.650081916,4300,1.779088818
DeSean Jackson,WR,WAS,DAL,7.634598353,5800,1.316310061
Steven Jackson,RB,ATL,CAR,7.604367581,4000,1.901091895
Pierre Garcon,WR,WAS,DAL,7.502275982,4600,1.630929561
Hakeem Nicks,WR,IND,TEN,7.486954366,4000,1.871738592
Jordan Cameron,TE,CLE,BAL,7.44809506,4400,1.692748877
Wes Welker,WR,DEN,OAK,7.406510446,3700,2.00175958
Nick Toon,WR,NO,TB,7.402804754,3300,2.243274168
Marquess Wilson,WR,CHI,MIN,7.401096757,4300,1.721185292
Kenny Britt,WR,STL,SEA,7.391838099,4000,1.847959525
Dion Sims,TE,MIA,NYJ,7.386539894,3000,2.462179965
Michael Crabtree,WR,SF,ARI,7.310292756,4100,1.782998233
Chris Ivory,RB,NYJ,MIA,7.2761907,3600,2.021164083
Kenbrell Thompkins,WR,OAK,DEN,7.180410228,3900,1.841130828
Kyle Rudolph,TE,MIN,CHI,7.152335676,3200,2.235104899
Dontrelle Inman,WR,SD,KC,7.065504874,3800,1.859343388
Dwayne Bowe,WR,KC,SD,7.0199236,3600,1.949978778
Darren Sproles,RB,PHI,NYG,6.883199344,4000,1.720799836
Pierre Thomas,RB,NO,TB,6.771036816,3800,1.781851794
Marcel Reece,RB,OAK,DEN,6.716330015,3000,2.238776672
Reggie Bush,RB,DET,GB,6.69434479,5000,1.338868958
Cecil Shorts,WR,JAC,HOU,6.674921834,3200,2.085913073
Brandon Marshall,WR,CHI,MIN,6.664186858,,
Jason Avant,WR,KC,SD,6.646979827,3000,2.215659942
Bruce Ellington,WR,SF,ARI,6.639216678,3000,2.213072226
Toby Gerhart,RB,JAC,HOU,6.624696607,3800,1.743341213
Devin Hester,WR,ATL,CAR,6.514596701,3500,1.861313343
Paul Richardson,WR,SEA,STL,6.507641115,3300,1.972012459
Chris Givens,WR,STL,SEA,6.48722369,3000,2.162407897
Jordan Reed,TE,WAS,DAL,6.454301712,3500,1.844086204
Ryan Mathews,RB,SD,KC,6.436789324,4600,1.399302027
Markus Wheaton,WR,PIT,CIN,6.319541147,3000,2.106513716
Charles Sims,RB,TB,NO,6.259673596,3000,2.086557865
Jeff Cumberland,TE,NYJ,MIA,6.247667501,3200,1.952396094
Jonas Gray,RB,NE,BUF,6.227484038,3800,1.638811589
LeGarrette Blount,RB,NE,BUF,6.20150165,4400,1.409432193
Mohamed Sanu,WR,CIN,PIT,6.177513853,4000,1.544378463
James Starks,RB,GB,DET,6.175118087,3000,2.058372696
Preston Parker,WR,NYG,PHI,6.160542604,3000,2.053514201
Devonta Freeman,RB,ATL,CAR,6.156638795,3600,1.710177443
Reggie Wayne,WR,IND,TEN,6.140620056,3900,1.574517963
Shane Vereen,RB,NE,BUF,6.129785633,4100,1.495069667
Tavon Austin,WR,STL,SEA,6.128393316,3200,1.915122911
Eric Weems,WR,ATL,CAR,6.125144445,3000,2.041714815
Jordan Todman,RB,JAC,HOU,6.103740688,3100,1.968948609
Larry Donnell,TE,NYG,PHI,6.031731625,3500,1.723351893
Davante Adams,WR,GB,DET,5.985613476,3000,1.995204492
Case Keenum,QB,HOU,JAC,5.980963357,5000,1.196192671
Brandon Gibson,WR,MIA,NYJ,5.971988624,3000,1.990662875
Knile Davis,RB,KC,SD,5.971827027,3500,1.706236293
Derek Anderson,QB,CAR,ATL,5.970708757,5000,1.194141751
Jeremy Kerley,WR,NYJ,MIA,5.962992475,3700,1.611619588
John Brown,WR,ARI,SF,5.924823427,3000,1.974941142
Miles Austin,WR,CLE,BAL,5.802588486,,
Branden Oliver,RB,SD,KC,5.790420613,3500,1.654405889
Darrel Young,RB,WAS,DAL,5.789356531,3000,1.92978551
Bishop Sankey,RB,TEN,IND,5.778116524,3600,1.605032368
Lance Kendricks,TE,STL,SEA,5.774585878,3000,1.924861959
Jermaine Kearse,WR,SEA,STL,5.734574411,3000,1.911524804
Matt Hasselbeck,QB,IND,TEN,5.689088396,5000,1.137817679
Rhett Ellison,TE,MIN,CHI,5.631896732,3000,1.877298911
Chad Henne,QB,JAC,HOU,5.628194485,5200,1.082345093
Damien Williams,RB,MIA,NYJ,5.578819806,3000,1.859606602
Danny Amendola,WR,NE,BUF,5.534847677,4200,1.317820876
Derek Hagan,WR,TEN,IND,5.514711328,3000,1.838237109
Dexter McCluster,WR,TEN,IND,5.457384594,,
Damaris Johnson,WR,HOU,JAC,5.417398843,3000,1.805799614
Larry Fitzgerald,WR,ARI,SF,5.227570082,4700,1.112248954
Brandon Weeden,QB,DAL,WAS,5.176913709,5000,1.035382742
Cordarrelle Patterson,WR,MIN,CHI,5.154605583,3000,1.718201861
De'Anthony Thomas,RB,KC,SD,5.118823816,3400,1.505536417
Justin Hunter,WR,TEN,IND,5.104126854,,
Ryan Lindley,QB,ARI,SF,5.083367412,5000,1.016673483
Logan Thomas,QB,ARI,SF,5.064566101,5000,1.01291322
Carson Palmer,QB,ARI,SF,5.064566101,,
Joe Webb,QB,CAR,ATL,5.037708785,5000,1.007541757
Kris Durham,WR,TEN,IND,5.013341462,3000,1.671113821
Doug Martin,RB,TB,NO,5.012780479,3300,1.519024387
Jaron Brown,WR,ARI,SF,5.005852115,3000,1.668617372
Nick Foles,QB,PHI,NYG,5.001651414,5000,1.000330283
Zurlon Tipton,RB,IND,TEN,4.968982519,3000,1.656327506
Owen Daniels,TE,BAL,CLE,4.920866079,3200,1.53777065
Taylor Thompson,TE,TEN,IND,4.902776157,,
Craig Stevens,TE,TEN,IND,4.902776157,,
Louis Murphy,WR,TB,NO,4.876114884,,
Ryan Griffin,TE,HOU,JAC,4.844541275,3000,1.614847092
Andrew Quarless,TE,GB,DET,4.842184424,3000,1.614061475
Chris Thompson,RB,WAS,DAL,4.817319345,3000,1.605773115
Stepfan Taylor,RB,ARI,SF,4.811251048,3000,1.603750349
Matt Moore,QB,MIA,NYJ,4.795998723,5000,0.959199745
Kellen Clemens,QB,SD,KC,4.789318098,5000,0.95786362
Jacoby Jones,WR,BAL,CLE,4.743483159,3000,1.581161053
Donald Brown,RB,SD,KC,4.721489473,3600,1.311524854
Josh Hill,TE,NO,TB,4.714702606,3000,1.571567535
Levine Toilolo,TE,ATL,CAR,4.628687045,3000,1.542895682
Michael Vick,QB,NYJ,MIA,4.608695391,5000,0.921739078
Jeff Maehl,WR,PHI,NYG,4.605113062,3000,1.535037687
Brad Smith,WR,PHI,NYG,4.605113062,3000,1.535037687
Andre Roberts,WR,WAS,DAL,4.602083279,3000,1.53402776
Bruce Miller,RB,SF,ARI,4.594694154,3000,1.531564718
Ryan Mallett,QB,HOU,JAC,4.591091114,,
Trent Richardson,RB,IND,TEN,4.577473992,3000,1.525824664
A.J. Jenkins,WR,KC,SD,4.560369984,,
John Carlson,TE,ARI,SF,4.530715681,3000,1.51023856
Jacquizz Rodgers,RB,ATL,CAR,4.530456425,3600,1.258460118
Benny Cunningham,RB,STL,SEA,4.526865525,3000,1.508955175
C.J. Fiedorowicz,TE,HOU,JAC,4.51528923,3000,1.50509641
Joe Morgan,WR,NO,TB,4.480892167,,
Marlon Brown,WR,BAL,CLE,4.423061386,3000,1.474353795
Brian Hartline,WR,MIA,NYJ,4.392690711,3000,1.464230237
Shonn Greene,RB,TEN,IND,4.352419791,3500,1.243548512
Marcedes Lewis,TE,JAC,HOU,4.346650582,3200,1.358328307
Taylor Gabriel,WR,CLE,BAL,4.330001861,3000,1.443333954
Mike Glennon,QB,TB,NO,4.283185232,5000,0.856637046
Josh Huff,WR,PHI,NYG,4.280588853,3000,1.426862951
Roy Helu,RB,WAS,DAL,4.267830459,3300,1.293281957
John Phillips,TE,SD,KC,4.234979493,3000,1.411659831
Mike Brown,WR,JAC,HOU,4.233046717,,
Ed Dickson,TE,CAR,ATL,4.187269346,3000,1.395756449
Santana Moss,WR,WAS,DAL,4.135391197,3000,1.378463732
Brice Butler,WR,OAK,DEN,4.122759055,3000,1.374253018
Jake Locker,QB,TEN,IND,4.120333907,,
Joe Banyard,RB,MIN,CHI,4.116129629,3000,1.37204321
Daniel Fells,TE,NYG,PHI,4.101062512,3000,1.367020837
Kerwynn Williams,RB,ARI,SF,4.097132297,3500,1.170609228
Joseph Randle,RB,DAL,WAS,4.086615664,4200,0.97300373
Matt Simms,QB,NYJ,MIA,4.0376616,5000,0.80753232
Austin Davis,QB,STL,SEA,4.036454665,5000,0.807290933
Kamar Aiken,WR,BAL,CLE,4.034218092,3000,1.344739364
Theo Riddick,RB,DET,GB,4.01408571,3000,1.33802857
Garrett Graham,TE,HOU,JAC,4.00578941,3000,1.335263137
Ben Watson,TE,NO,TB,3.961289336,3000,1.320429779
John Conner,RB,NYJ,MIA,3.957992655,3000,1.319330885
Jimmy Garoppolo,QB,NE,BUF,3.942793206,5000,0.788558641
Allen Robinson,WR,JAC,HOU,3.942690148,,
Kirk Cousins,QB,WAS,DAL,3.931941797,5200,0.756142653
Brent Celek,TE,PHI,NYG,3.899328505,3000,1.299776168
Demetrius Harris,TE,KC,SD,3.891075075,,
David Johnson,TE,SD,KC,3.891030162,3000,1.297010054
Julius Thomas,TE,DEN,OAK,3.886945746,4900,0.793254234
Junior Hemingway,WR,KC,SD,3.88412633,3000,1.294708777
Alfred Blue,RB,HOU,JAC,3.830332929,3000,1.276777643
Eric Ebron,TE,DET,GB,3.812783873,3000,1.270927958
Blaine Gabbert,QB,SF,ARI,3.789717764,5000,0.757943553
Brandon Williams,TE,CAR,ATL,3.787554792,3000,1.262518264
Fozzy Whittaker,RB,CAR,ATL,3.744660092,3000,1.248220031
Brandin Cooks,WR,NO,TB,3.714548016,,
Brenton Bersin,WR,CAR,ATL,3.712417962,3000,1.237472654
Tyler Eifert,TE,CIN,PIT,3.707805667,,
Robert Turbin,RB,SEA,STL,3.693140196,3000,1.231046732
Darren McFadden,RB,OAK,DEN,3.679667524,3000,1.226555841
Chase Coffman,TE,TEN,IND,3.677014691,3000,1.225671564
Matt McGloin,QB,OAK,DEN,3.640969161,5000,0.728193832
Trey Burton,TE,PHI,NYG,3.630181065,3000,1.210060355
Frankie Hammond,WR,KC,SD,3.575762972,,
Johnny Manziel,QB,CLE,BAL,3.569429904,5000,0.713885981
Richard Rodgers,TE,GB,DET,3.56046519,3000,1.18682173
Anthony Dixon,RB,BUF,NE,3.55145998,3000,1.183819993
EJ Manuel,QB,BUF,NE,3.52767644,5000,0.705535288
Griff Whalen,WR,IND,TEN,3.524069673,,
Bryce Brown,RB,BUF,NE,3.513094442,3000,1.171031481
Ryan Hewitt,TE,CIN,PIT,3.510446604,3000,1.170148868
Travis Benjamin,WR,CLE,BAL,3.490757768,3000,1.163585923
James Wright,WR,CIN,PIT,3.466090381,3000,1.15536346
Micheal Spurlock,WR,CHI,MIN,3.45552267,,
Santonio Holmes,WR,CHI,MIN,3.45552267,,
Bernard Pierce,RB,BAL,CLE,3.448101865,3000,1.149367288
Denard Robinson,RB,JAC,HOU,3.43454267,,
Brandon Tate,WR,CIN,PIT,3.429955921,3000,1.14331864
Josh Morgan,WR,CHI,MIN,3.390849222,3000,1.130283074
Chase Ford,TE,MIN,CHI,3.365332778,3000,1.121777593
Dwayne Allen,TE,IND,TEN,3.348825607,3500,0.956807316
Kevin Ogletree,WR,NYG,PHI,3.348192289,3000,1.116064097
Dane Sanzenbacher,WR,CIN,PIT,3.347515889,3000,1.11583863
Rishard Matthews,WR,MIA,NYJ,3.289686578,3000,1.096562193
Donnie Avery,WR,KC,SD,3.267397749,3000,1.089132583
Bilal Powell,RB,NYJ,MIA,3.260470843,3000,1.086823614
Troy Niklas,TE,ARI,SF,3.254988978,,
Tony Moeaki,TE,SEA,STL,3.243249277,3000,1.081083092
Juwan Thompson,RB,DEN,OAK,3.209564274,3000,1.069854758
Dwayne Harris,WR,DAL,WAS,3.206592776,3000,1.068864259
Devin Street,WR,DAL,WAS,3.206592776,3000,1.068864259
Anthony Fasano,TE,KC,SD,3.181812997,3000,1.060604332
Greg Little,WR,CIN,PIT,3.174095351,3000,1.058031784
James Casey,TE,PHI,NYG,3.168635118,3000,1.056211706
Brian Tyms,WR,NE,BUF,3.167536731,3000,1.055845577
Aaron Dobson,WR,NE,BUF,3.167536731,,
Garrett Celek,TE,SF,ARI,3.161028416,,
Andre Ellington,RB,ARI,SF,3.151764027,,
Tim Wright,TE,NE,BUF,3.141097003,3000,1.047032334
Jerick McKinnon,RB,MIN,CHI,3.139138285,,
Robert Meachem,WR,NO,TB,3.130262859,3000,1.043420953
Seyi Ajirotutu,WR,SD,KC,3.128824582,3000,1.042941527
Vincent Brown,WR,OAK,DEN,3.112634929,3000,1.037544976
Gary Barnidge,TE,CLE,BAL,3.057733893,3000,1.019244631
Lance Dunbar,RB,DAL,WAS,3.04902376,3600,0.846951045
Kevin Brock,TE,CIN,PIT,3.041730708,3000,1.013910236
David Nelson,WR,NYJ,MIA,3.035062264,,
Marcel Jensen,TE,JAC,HOU,3.03115324,,
Silas Redd,RB,WAS,DAL,3.015307076,3000,1.005102359
Dennis Pitta,TE,BAL,CLE,3.011697486,,
Jeff Janis,WR,GB,DET,2.975386855,3000,0.991795618
Kevin Dorsey,WR,GB,DET,2.975386855,,
Danny Woodhead,RB,SD,KC,2.968082727,,
Derek Carrier,TE,SF,ARI,2.964863268,,
Vance McDonald,TE,SF,ARI,2.964863268,,
Aldrick Robinson,WR,WAS,DAL,2.953801556,,
Brian Quick,WR,STL,SEA,2.951368199,,
Austin Pettis,WR,STL,SEA,2.951368199,,
Carlos Hyde,RB,SF,ARI,2.944736192,4000,0.736184048
T.J. Graham,WR,NYJ,MIA,2.939005056,3000,0.979668352
Jack Doyle,TE,IND,TEN,2.926590026,3000,0.975530009
Josh Cribbs,WR,IND,TEN,2.893141029,3000,0.964380343
Tom Savage,QB,HOU,JAC,2.8840121,5000,0.57680242
Ryan Broyles,WR,DET,GB,2.878316975,3000,0.959438992
Jonathan Grimes,RB,HOU,JAC,2.864613177,3000,0.954871059
Ryan Nassib,QB,NYG,PHI,2.862617908,5000,0.572523582
Jim Dray,TE,CLE,BAL,2.861919397,3000,0.953973132
Mike Tolbert,RB,CAR,ATL,2.856060757,3000,0.952020252
Crockett Gillmore,TE,BAL,CLE,2.846251781,3000,0.948750594
Ace Sanders,WR,JAC,HOU,2.845121858,3000,0.948373953
Robert Herron,WR,TB,NO,2.832741985,3000,0.944247328
Solomon Patton,WR,TB,NO,2.832741985,3000,0.944247328
Chris Gragg,TE,BUF,NE,2.823833551,3000,0.94127785
Mike Williams,WR,BUF,NE,2.801210569,,
Darren Fells,TE,ARI,SF,2.784517195,3000,0.928172398
Jason Campbell,QB,CIN,PIT,2.774851893,5000,0.554970379
Ted Ginn,WR,ARI,SF,2.768303699,3000,0.9227679
Christian Ponder,QB,MIN,CHI,2.763708652,5000,0.55274173
Matt Cassel,QB,MIN,CHI,2.763708652,,
Bobby Rainey,RB,TB,NO,2.748287854,3000,0.916095951
James Hanna,TE,DAL,WAS,2.728457215,3000,0.909485738
Chris Polk,RB,PHI,NYG,2.72452428,3000,0.90817476
T.J. Yates,QB,ATL,CAR,2.714851296,5000,0.542970259
Denarius Moore,WR,OAK,DEN,2.711633524,3000,0.903877841
Rod Streater,WR,OAK,DEN,2.711633524,,
Gavin Escobar,TE,DAL,WAS,2.69234859,3000,0.89744953
Michael Campanaro,WR,BAL,CLE,2.690658996,3000,0.896886332
Nic Jacobs,TE,JAC,HOU,2.666441082,3000,0.888813694
Justin Brown,WR,PIT,CIN,2.646753874,3000,0.882251291
Darrius Heyward-Bey,WR,PIT,CIN,2.646753874,3000,0.882251291
Russell Shepard,WR,TB,NO,2.627786682,3000,0.875928894
Vernon Davis,TE,SF,ARI,2.62563776,3000,0.875212587
Terrance West,RB,CLE,BAL,2.609964677,3000,0.869988226
Greg Salas,WR,NYJ,MIA,2.589129081,,
Ladarius Green,TE,SD,KC,2.578017818,3000,0.859339273
Quinton Patton,WR,SF,ARI,2.577863503,3000,0.859287834
Brock Osweiler,QB,DEN,OAK,2.558422272,5000,0.511684455
David Ausberry,TE,OAK,DEN,2.55811361,,
Brandon Lloyd,WR,SF,ARI,2.531363133,3000,0.843787711
Adam Thielen,WR,MIN,CHI,2.528282863,3000,0.842760954
Victor Cruz,WR,NYG,PHI,2.513601364,,
Jerrel Jernigan,WR,NYG,PHI,2.513601364,,
Jeremy Ross,WR,DET,GB,2.477280372,3000,0.825760124
Niles Paul,TE,WAS,DAL,2.463094625,3000,0.821031542
DeAngelo Williams,RB,CAR,ATL,2.457220719,3700,0.664113708
DeVier Posey,WR,HOU,JAC,2.435515525,3000,0.811838508
Rex Burkhead,RB,CIN,PIT,2.430962632,3000,0.810320877
Lee Smith,TE,BUF,NE,2.429506367,3000,0.809835456
Ricardo Lockette,WR,SEA,STL,2.429459146,3000,0.809819715
Lance Moore,WR,PIT,CIN,2.429084546,3000,0.809694849
Storm Johnson,RB,JAC,HOU,2.422941369,3000,0.807647123
Zach Miller,TE,SEA,STL,2.421398274,,
Brandon Bostick,TE,GB,DET,2.408173151,3000,0.802724384
Rob Housler,TE,ARI,SF,2.40361795,3000,0.801205984
Cory Harkey,TE,STL,SEA,2.396952114,3000,0.798984038
Bryan Walters,WR,SEA,STL,2.394617853,3000,0.798205951
Dante Rosario,TE,CHI,MIN,2.386300515,3000,0.795433505
Logan Paulsen,TE,WAS,DAL,2.384086794,3000,0.794695598
Ronnie Brown,RB,SD,KC,2.378898881,3000,0.792966294
Brian Leonhardt,TE,OAK,DEN,2.375111858,3000,0.791703953
Will Ta'ufo'ou,RB,JAC,HOU,2.351370267,3000,0.783790089
Corey Washington,WR,NYG,PHI,2.327744424,3000,0.775914808
Cooper Helfet,TE,SEA,STL,2.326556355,3000,0.775518785
Adrien Robinson,TE,NYG,PHI,2.275985932,3000,0.758661977
Jackie Battle,RB,TEN,IND,2.267633342,3000,0.755877781
Anthony Sherman,RB,KC,SD,2.259622005,3000,0.753207335
Courtney Roby,WR,ATL,CAR,2.252894304,,
Joe McKnight,RB,KC,SD,2.251961439,,
C.J. Spiller,RB,BUF,NE,2.231035207,4200,0.531198859
Cyrus Gray,RB,KC,SD,2.19703978,,
Will Johnson,RB,PIT,CIN,2.194812886,3000,0.731604295
Corey Fuller,WR,DET,GB,2.191618105,3000,0.730539368
Michael Cox,RB,NYG,PHI,2.183831008,,
Kevin Norwood,WR,SEA,STL,2.165147616,3000,0.721715872
Robert Hughes,RB,ARI,SF,2.150923275,3000,0.716974425
Brandon Pettigrew,TE,DET,GB,2.144066785,3000,0.714688928
Peyton Hillis,RB,NYG,PHI,2.136080182,,
Andre Caldwell,WR,DEN,OAK,2.093440765,3000,0.697813588
Cody Latimer,WR,DEN,OAK,2.092956888,3000,0.697652296
Bear Pascoe,TE,ATL,CAR,2.090778127,3000,0.696926042
Ryan Grant,WR,WAS,DAL,2.072388236,3000,0.690796079
Darrin Reaves,RB,CAR,ATL,2.070897064,,
Dri Archer,RB,PIT,CIN,2.061818261,3000,0.687272754
Jarrett Boykin,WR,GB,DET,2.056530952,3000,0.685510317
Marion Grice,RB,ARI,SF,2.046812868,3000,0.682270956
Tommy Bohanon,RB,NYJ,MIA,2.045912819,,
Michael Palmer,TE,PIT,CIN,2.041898273,3000,0.680632758
Travaris Cadet,RB,NO,TB,2.035897896,3000,0.678632632
Steve Johnson,WR,SF,ARI,2.028884436,3000,0.676294812
Christine Michael,RB,SEA,STL,2.008981029,3000,0.669660343
Marquise Goodwin,WR,BUF,NE,2.00438775,3000,0.66812925
Daniel Thomas,RB,MIA,NYJ,1.999068594,3000,0.666356198
Ka'Deem Carey,RB,CHI,MIN,1.992887274,3000,0.664295758
Brandon Bolden,RB,NE,BUF,1.991849851,3000,0.66394995
Fitzgerald Toussaint,RB,BAL,CLE,1.984730619,3000,0.661576873
Jacob Tamme,TE,DEN,OAK,1.975199488,3000,0.65839983
Mike James,RB,TB,NO,1.972489426,3000,0.657496475
Keshawn Martin,WR,HOU,JAC,1.964138678,3000,0.654712893
Joseph Fauria,TE,DET,GB,1.956814888,,
Jamize Olawale,RB,OAK,DEN,1.940380994,3000,0.646793665
Jonathan Dwyer,RB,ARI,SF,1.926946328,,
Clay Harbor,TE,JAC,HOU,1.902077356,3000,0.634025785
Frank Summers,RB,BUF,NE,1.867624861,,
Kyle Juszczyk,RB,BAL,CLE,1.818455283,3000,0.606151761
Josh Harris,RB,PIT,CIN,1.795523813,3000,0.598507938
Erik Lorig,RB,NO,TB,1.765264142,3000,0.588421381
George Winn,RB,DET,GB,1.762639332,3000,0.587546444
Jace Amaro,TE,NYJ,MIA,1.757911994,3000,0.585970665
Jay Prosch,RB,HOU,JAC,1.751429605,3000,0.583809868
Chris Ogbonnaya,RB,NYG,PHI,1.724254515,3000,0.574751505
Lorenzo Taliaferro,RB,BAL,CLE,1.604390462,,
Derrick Coleman,RB,SEA,STL,1.545367088,,
Virgil Green,TE,DEN,OAK,1.449169986,3000,0.483056662
Khiry Robinson,RB,NO,TB,1.369401474,3500,0.391257564
Matt Spaeth,TE,PIT,CIN,1.366711445,3000,0.455570482
Michael Hoomanawanui,TE,NE,BUF,1.362538992,3000,0.454179664
Jorvorskie Lane,RB,TB,NO,1.358965432,,
Stevan Ridley,RB,NE,BUF,1.357477161,,
Jeremy Stewart,RB,DEN,OAK,1.327458964,3000,0.442486322
James White,RB,NE,BUF,1.320708693,3000,0.440236231
Austin Seferian-Jenkins,TE,TB,NO,1.308479684,,
Montee Ball,RB,DEN,OAK,1.300089707,,
Ronnie Hillman,RB,DEN,OAK,1.30008564,5000,0.260017128
Brandon Myers,TE,TB,NO,1.297416755,3000,0.432472252
Zach Sudfeld,TE,NYJ,MIA,1.28940075,3000,0.42980025
Jed Collins,RB,DET,GB,1.287916536,3000,0.429305512
Knowshon Moreno,RB,MIA,NYJ,1.284732798,,
Cedric Peerman,RB,CIN,PIT,1.284212993,3000,0.428070998
Luke Stocker,TE,TB,NO,1.267683521,3000,0.422561174
James Develin,RB,NE,BUF,1.23952695,3000,0.41317565
Zac Stacy,RB,STL,SEA,1.18079388,3000,0.39359796
Henry Hynoski,RB,NYG,PHI,1.153402987,3000,0.384467662
Trey Watts,RB,STL,SEA,1.077897861,3000,0.359299287
Ahmad Bradshaw,RB,IND,TEN,1.071306135,,
Ray Agnew,RB,CLE,BAL,1.055902719,3000,0.351967573
Maurice Jones-Drew,RB,OAK,DEN,1.006342165,3000,0.335447388
Austin Johnson,RB,NO,TB,0.920523104,,
Edwin Baker,RB,NO,TB,0.920523104,,
Ben Tate,RB,MIN,CHI,0.910898676,3000,0.303632892
Alfonso Smith,RB,SF,ARI,0.869556163,3000,0.289852055
Tyler Clutts,RB,DAL,WAS,0.78594567,3000,0.26198189
Brian Leonard,RB,NO,TB,0.760466934,,
John Kuhn,RB,GB,DET,0.736530858,3000,0.245510286
DuJuan Harris,RB,GB,DET,0.726467688,3000,0.242155896
Adrian Peterson,RB,MIN,CHI,0.690401568,,
Antone Smith,RB,ATL,CAR,0.671865215,,
Patrick DiMarco,RB,ATL,CAR,0.63173374,3000,0.210577913
Jerome Felton,RB,MIN,CHI,0.503697723,3000,0.167899241
